["F54E4.3", "ABarpp-", 0.5536580765396197, 0.047064693420591726, 0.07973603658822012, 0.07889417461772946, 0.13587358593940735, 0.08134497521371951, 0.09177423644719317, 0.04798210124325625, 0.06368649713404638, 0.05086506939137333, 0.07080359591525068, -0.013297342718353896, 0.0, 0.0026327209291161007, 0.03146595310198345, 0.13587358593940735, 0.009189362296713256, 0.0, 0.0, -0.04049495425149904, 0.04567935095162138, -0.0009851408673581265, 0.004343567559718154, -0.03890383745594259, 0.001945121070335803, 0.08699946434605164, 0.007478812639122662, 0.08930236472792505, 0.08336221532037702, 0.13587358593940735, 0.07196564080401972, 0.04973707738804122, 0.15890786532952586, 0.06487982047418371, 0.13587358593940735, 0.06486424785756625, 0.07285768680574367, 0.13587358593940735, 0.13587358593940735, -0.0023299782328793563, 0.13587358593940735, 0.04673546298821118, 0.13712339744342603, -0.0015332470521015598, 0.22570631327597745, 0.03147513902401796, 0.13587358593940735, 0.04917625721821994, -0.025467130103046413, 0.026913298363374593, -0.0043518431587148115, -0.02822509685895236, 0.07022532125811536, 0.11216833682210595, 0.0, -0.003735743065225903, 0.0, -0.0048662776938392955, 0.0965670343664202, 0.015597596073028715, 0.05469921948364096, 0.0, 0.0, 0.0, -0.03323298816444669, 0.040254014649301964, 0.008279461415384286, 0.0921339825019042, 0.0, -0.006480689207696919, -0.01688947435805569, 0.0, -0.0043325653359528645, -0.032552270178183344, 0.009288354171529848, -0.015479747505750473, 0.0, 0.00939908781189799, 0.0, 0.0, 0.043509913687694184, 0.0002656610944024959, -0.00849168283434279, 0.010075991777550985, 0.005427364629049937, -0.012589455767782365, -0.04224705418794513, -0.011709964995632165, 0.0, -0.023996775832328874, -0.03477201901960196, -0.0032602809836080357, 0.003080113917281441, 0.0, -0.00884867180118763, 0.00378632106363394, -0.007491083340503274, -0.007313519095936153, -0.008401116051427727, -0.019635403647875145, 0.015040199239592173, -0.022970737693325746, 0.0, -0.019664468197700527, 0.0, 0.023625748762688897, -0.004756779084233817, 0.00022993524685537296, 0.0, -0.02187911000463925, 0.0, 0.0, 0.01145980028958407, 0.007423301164009058, 0.0, -0.023983406582073655, 0.007892867263097184, 0.0, 0.003201926886358391, 0.04469811191303316, 0.0, -0.009902294997633303, -0.03039898748975288, 0.0, 0.01691439481346378, -0.019874611621547137, 0.0031439525384595983, 0.0, 0.0, 0.0011586406724301652, -0.06666634757738836, 0.0, 0.06649209492803844, 0.0, -0.0016363820114599966, 0.0031439525384595983, -0.02827526602318512, 0.0, -0.025538188841138128, 0.0, -0.009242392943746118, -0.026384754930791794, 0.004527492387922587, -0.01568700239341518, 0.010283182064918463, -0.011014572789905504, 0.0009227844744072652, -0.012416183196658243, -0.010908099986507033, 0.010180337206600635, -0.04351261983531273, -0.011726071952420413, 0.0, 0.0, 0.0, 0.0, 0.020131659160378037, -0.020886932689901536, -0.005160146904639033, 0.0, -0.00477220523504384, 0.0, -0.02986327749985866, -0.06496714009200849, -0.044631966601523784, 0.07903343217108653, 0.0, -0.0022091596882450205, -0.03960316248569231, -0.03136640293315562, 0.0, 0.0, -0.047467212100941604, -0.05382783392164354, -0.009259781187879698, -0.02499090648631535, 0.0, 0.0, 0.0018145245423830836, -0.03354491361185453, 0.047257519782140045, 0.0, -0.034653148236336744, -0.003041771567138289, 0.00901360499763359, 0.0, -0.00017405363503190049, 0.0, 0.03735076731766864, 0.0, 0.005541456812161169, 0.003839777617509519, 0.01329484129624611, 0.0, 0.003080113917281441, 0.0, -0.012030322347556792, 0.0012260367753003693, -0.00011005219269835887, -0.02412522708380507, 0.0, -0.0033043894178753255, 0.0, -0.0683756830498574, -0.04953837794035178, 0.0013393094159277717, 0.0056068787033735756, 0.009517741831598994, 0.0031881056909235264, -0.029682649049390743, -0.0037184836768971155, 0.07410107294965038, 0.011546286204207008, 0.010630756827943719, 0.0, -0.0288379344837172, 0.005538883824485646, 0.0, 0.0, 0.009568219290232797, 0.011939615537618405, -0.01948385853591039, 0.00947206984394776, 0.003412976358321306, 0.0, 0.006601614431578213, -0.03130023080851321, 0.0017882889728477922, 0.13587358593940735, 0.006394530662797001, 0.10506757661705203, 0.016310760161239165, -0.007385536040134583, 0.014208501589829345, 0.009568219290232797, 0.0, 0.0, 0.04517064931980858, 0.0, 0.014414622262515733, -0.06643970019059185, 0.010834108694572252, -0.00789485591281775, 0.0023107694957850027, -0.04272570138565757]
["F54E4.3", "ABarap-", 0.5536580765396197, 0.05152705848375899, 0.051182440726162216, 0.028394641614563954, 0.13587358593940735, 0.07573579656978818, 0.08094058679778653, 0.15101109677755203, 0.04310981877191092, 0.14730338516406907, 0.03755568449101479, -0.03249282782063367, 0.0, -0.07026648389626215, -0.01133154473881635, 0.13587358593940735, 0.0, 0.0, 0.0, 0.002380667098822203, 0.13154676211403546, 0.0, 0.0, 0.0, 0.0030305034179329646, 0.06952415285675276, 0.06035825606219187, 0.07457405504812248, 0.06989513246651628, 0.13587358593940735, 0.13587358593940735, 0.08041068827261764, 0.08660309011376494, 0.0970329289497902, 0.13587358593940735, 0.053767035158239426, 0.03358274299843313, 0.0315341621241409, 0.13587358593940735, 0.0, 0.0902116996593939, -0.04768474756897844, 0.13587358593940735, 0.005295968473434941, 0.13587358593940735, -0.03151970705027437, 0.07975050610837471, 0.13587358593940735, 0.001253216680729704, -0.017784591439242096, -0.014978902282545054, 0.07650612256552407, 0.0806362783909976, 0.07845511111412741, 0.0, 0.035244926278579516, 0.0024971136643759237, 0.0, 0.09402535682377738, -0.017785977661524913, 0.06902266552487268, 0.0, 0.0, -0.01993146392862918, -0.00478675721220951, 0.0020811656462641753, -0.04561786781338394, -0.04165402026796656, 0.0, 0.0, 0.0, 0.0, 0.018346318817132966, -0.012705848514745583, 0.0, -0.026480550035096986, 0.058488502378459095, -0.014674830293684457, 0.0, 0.0, -0.04230790958963963, 0.0, 0.0, 0.007742712555474076, 0.0, 0.001986867624950022, -0.040690999997401694, -0.0021295060921159145, 0.0, -0.02459600483203611, -0.02300612385058899, 0.002227985034873958, 0.0, -0.007864502971696748, 0.006744223152572565, 0.0, -0.019034394506373422, -0.0341211410652536, -0.026119618556088093, -0.001675382699368695, -0.0037744521182954877, -0.011196635160530339, 0.0, 0.0, 0.0, -0.041038406830344834, 0.0, -0.015808159852607417, 0.0, 0.009766473247120431, 0.0, 0.0, -0.012231125329637629, 0.0, 0.0, 0.03492009923317882, -0.005105138237540862, 0.0, 0.0, -0.014381901605083498, 0.0, 0.0034618399362721735, -0.009067738044481785, 0.0, -0.0058329124642098815, 0.0, 0.00820237782091247, 0.0, 0.0, -0.02563335558471935, 0.013224341416725988, 0.0, 0.0024268571914294167, 0.0, 0.03720065427737127, 0.0, -0.018185125690185357, -0.00951601922848, -0.00826400869070054, 0.0, 0.0, -0.007857099130581673, -0.018692417501744423, 0.00013417777038063594, -0.03371728615795343, -0.025226554971929, -0.00420271634903245, -0.003038670189813562, -0.002549969110136039, 0.0, 0.0, -0.034950053470093397, 0.0, 0.0, 0.0, 0.0, 0.042842052206922866, -0.016068701347154383, -0.00708190477732064, 0.0, 0.01438954604590284, 0.0, 0.0, -0.012485957154628212, -0.027941306295770938, 0.0555206978387067, 0.0, 0.024750256214129834, -0.04933320609138996, 0.0, 0.0, 0.1134170061244242, -0.01856647920616019, -0.00377751711348967, 0.0, -0.03742829355152526, 0.0, 0.0, -0.023955158602923708, -0.035144380836206766, -0.020601736838071552, 0.0, -0.01512191230169773, 0.0017930535218393514, -0.00737075753128204, 0.0, -0.004996542940003913, 0.0, -0.02832327734869801, 0.0, 0.0, -0.04271606450207758, 0.02242521508279811, 0.0, -0.0069486381263613286, -0.019350872512022273, -0.03811026601241157, 0.0, 0.0, 0.0, 0.0, -0.03244479537026844, 0.0, 0.0, 0.01362661042975194, -0.033267057592914775, -0.014172589441188278, -0.011213897775150566, 0.0, -0.01320080966492674, 0.006744223152572565, -0.02638833451198648, 0.008680168252737125, 0.0, 0.0, -0.03552512760684565, 0.005306589573703596, 0.0, 0.0, 0.0, -0.0018617791254603381, 0.0, 0.0, -0.010646753823206435, 0.0, -0.02458157398773365, -0.011868207252714064, 0.0, 0.13587358593940735, 0.0018560609370876233, 0.04285552365781547, 0.006256896624061594, -0.057089102307733126, -0.04585393531802031, 0.0097780830224013, 0.0, 0.0, 0.008744238095953363, 0.0, 0.018510625355918103, -0.006285784310194111, -0.05137856491167248, 0.007046130335465878, 0.07895529259104406, -0.028457733761902252]
["F54E4.3", "ABarpapa-", 0.5536580765396197, 0.053056724935073185, 0.06779374225931237, 0.06690998275620094, 0.13587358593940735, 0.09803800349986537, 0.13587358593940735, 0.03966919489572278, 0.06616063958936846, 0.13305630755517062, 0.14694183176298756, -0.035012533771168905, 0.0, -0.02764843593319087, 0.006220600516731993, 0.13587358593940735, 0.0, 0.0, 0.0, -0.004480964403860879, 0.08983801626312099, 0.0, -0.00328265590191408, 0.0, 0.03025032626815389, 0.07206059780178772, 0.03426878334595702, 0.13587358593940735, 0.07978391929744624, 0.13587358593940735, 0.13587358593940735, 0.04803123382185587, 0.04167763017551127, 0.07012052322152183, 0.13587358593940735, 0.04192030552399202, 0.04167763017551127, 0.08370704543102195, 0.13587358593940735, 0.0, 0.04167763017551127, 0.03471220780486137, 0.13587358593940735, -0.002332023539438209, 0.13587358593940735, 0.015463394962343464, 0.13587358593940735, 0.13587358593940735, -0.016191421876269933, -0.047327734499875124, 0.03027215849278873, -0.02210577294191139, 0.07549012293851932, 0.11157651168341065, 0.0, -0.02129037482463887, 0.0, 0.022899473380319637, 0.0694528002234999, -0.046962182909216166, 0.0818867104057119, -0.004079081642316056, 0.0, -0.019622300434761868, 0.0, 0.08424554354637538, -0.0037510643899321913, 0.015137249207502304, 0.0, -0.019745226527526655, 0.0, 0.0, -0.03293737851175471, -0.007241104630652134, 0.0, 0.0017749000302778035, 0.01799789426660046, -0.018081618253458085, 0.0, 0.0, -0.006808187434472162, -0.02801793407066195, 0.0, -0.0018566428592921994, 0.027622522018646255, 0.004535747338618201, -0.013630565920986316, -0.034883009523183316, 0.0, -0.009557948437456885, -0.004449041712857178, 0.0056880351658792115, 0.002891040779577277, -0.02616381084919671, -0.005800724828775601, -0.0064732407428988855, -0.08607665913204349, -0.01745262555815406, 0.06142686156071693, -0.020448281096800157, -0.02433301353691843, 0.047473520552309606, 0.0, -0.0035320118824295897, 0.0, -0.04498317728131987, 0.011084404802644523, 0.0019958892486469813, 0.0, 0.09975453806560085, 0.0, 0.0, -0.07280039350695927, -0.006275925077729275, 0.0, 0.0, -0.002532842292144036, 0.0, 0.0, -0.006819644739100013, 0.0, -0.02774583324069815, -0.0012572275684953665, 0.0, -0.0006190658954166291, 0.0, 0.0, 0.0, 0.0, -0.020614091848161153, -0.02680028085301531, 0.10346520250502678, 0.004122597947020959, 0.0, -0.04824815489365128, 0.0, 0.02560181231966892, 0.0, -0.018057089664906798, 0.0, 0.0025266723170218716, 0.0, 0.06146299285408521, -0.007666988114100331, 0.0, -0.028401768430209303, -0.00581067204645097, 0.026035406571121886, -0.01576135819728263, -0.027121525375048996, -0.026339145143048887, 0.0017048566948800492, -0.005374018349727819, 0.0, 0.0, 0.0, -0.03116863994594259, 0.0782540068613503, -0.031676378490048646, 0.0, 0.016119779037252664, 0.0, 0.0007928858008606415, -0.00882879277120279, -0.014460511170040538, 0.037089537482163426, 0.0, -0.02376127177895299, -0.03390347456587604, 0.0, 0.0, 0.0, -0.08080169912040835, -0.008245675471729136, -0.0014789403147111798, 0.024216987598994835, 0.0, 0.0, -0.08464709072357794, 0.07475078085851745, -0.0010612708526584374, 0.0, -0.03761042824796484, -0.03847876141907428, 0.0, 0.0, -0.0383660720007323, 0.0, 0.007128604454564692, 0.0, 0.0, 0.0677916466943251, -0.024852593470411893, 0.0, 0.0, 0.0, 0.06468017256323584, 0.0, -0.0313932611413518, 0.0, 0.0, 0.0, 0.0, -0.02848531636523829, -0.06858880947069167, 0.016518404541181027, -0.016992291792504347, 0.012807864545392756, 0.06146299285408521, -0.01505252166268871, -0.04687042917698075, 0.025632780846697775, 0.0035446625929024915, 0.0, -0.006586107455642686, 0.03931785346235588, -0.030552825859756376, -0.0008933620414003603, 0.0, 0.0, -0.04156735636617975, -0.00838090752865238, 0.0, 0.0, -0.00441834767709705, -0.014782411274277157, -0.0008283658378233131, -0.04926388311232218, 0.13587358593940735, -0.0038543066297021767, 0.07012022112953352, 0.04774120863916767, -0.05154048169557958, -0.05603754658085242, 0.0, -0.005800724828775601, 0.0, 0.04262421362837075, 0.0, -0.049908421274141856, -0.03148339338442263, 0.02640976354658442, -0.002410605279554477, 0.002873107453649505, 0.019395601413652798]
["F54E4.3", "ABaraapp-", 0.5536580765396197, 0.13069550192093518, 0.06977449094712289, 0.1664932632694119, 0.13587358593940735, 0.08215189504328954, 0.13587358593940735, 0.0815857592476046, 0.02097913847249169, 0.05090755843197797, 0.07652262868988088, -0.03469510520798072, 0.0, -0.07046283758990411, 0.0, 0.13587358593940735, -0.0029341906905213564, 0.0, 0.0, 0.05969465662870048, 0.07328092553603095, 0.0, 0.0, 0.0, -0.019580091324368932, 0.059636230805068004, 0.0070101079784328675, 0.07933679895514428, 0.13587358593940735, 0.13587358593940735, 0.13587358593940735, 0.09418314885070793, 0.13587358593940735, 0.011508620019457102, 0.13587358593940735, -0.004818203457675677, 0.14839632418386742, 0.06238870373282482, 0.13587358593940735, 0.0, 0.13587358593940735, -0.04139127174206518, 0.13587358593940735, 0.0, 0.0770859319211784, 0.08270287897503482, 0.06776444369459482, 0.13587358593940735, 0.022118375077226762, -0.05143474973286788, -0.014160672686260334, 0.0, 0.06231097757057459, 0.13587358593940735, 0.0, -0.04614488832890905, -0.041280136514028586, 0.0031274236537645467, 0.07408614433016485, 0.019380231197252004, 0.029295723878458965, -0.015371559925613577, 0.0, 0.0, 0.00019265877120297308, 0.0959425625210479, 0.01851021631414919, -0.024520538312673434, 0.0, 0.0, -0.050956734337732276, 0.04122646871342517, -0.006944081497450328, -0.014330442897709487, 0.0, -0.07247224829449186, 0.026177400279830492, 0.0045842417198365066, -0.023531873314254055, 0.0, -0.0510644679555959, -0.03712141123644903, 0.0, 0.0, 0.0, -0.015442695023861013, -0.08877337414233256, 0.0, 0.0, -0.03434840742312506, 0.029237367584597863, 0.0, -0.008541034382068031, 0.0, 0.0, 0.008409919032414849, -0.014424652589562895, 0.0, 0.00401003552822914, -0.07230574239750338, 0.0, 0.03942020341315284, 0.0, 0.0, 0.0, -0.037414933638227295, 0.0, -0.03863298798821496, 0.0, 0.08073819787597539, 0.0, 0.0, -0.04600695911167005, 0.0, 0.0, 0.0, 0.0, 0.0, 0.0, -0.03820547600033268, 0.0, 0.07546984680150355, 0.0, 0.0, 0.009117250788213014, 0.0, 0.0, 0.0, 0.0, -0.034615315116008155, -0.03726439081773964, 0.0, -0.003623543111326975, 0.0, 0.026244120834774214, 0.0, 0.0025224228028173958, 0.0, 0.002101608444966864, 0.0, -0.00043417721844530026, 0.0, 0.0, -0.04007405889859167, 0.06007704058696068, -0.003167263217694278, 0.0686755277910104, -0.007639680720443456, 0.08357566846997057, 0.0, 0.005446255353007698, 0.005896483279333212, -0.015371559925613577, 0.0, 0.0, 0.0, -0.003937774102276889, -0.011643571894535326, -0.020663693589716547, 0.0, -0.031492404574954114, 0.0, 0.0, 0.0, -0.024724297856179484, 0.011336891447846102, 0.0, -0.007606744116871923, -0.06773010114984437, 0.012382932570102421, 0.0, 0.0, -0.043088646984265, 0.0695843043115348, 0.00019265877120297308, -0.035807877793750054, 0.0, 0.0, -0.015431571571088955, 0.15501848889755296, 0.009114582846822268, 0.0, -0.0171360257177843, -0.024156719566345956, 0.021642727630178153, 0.0, -0.03467870638206765, 0.03876564629347432, -0.045071164764509355, 0.0, 0.0, 0.11216239527431612, 0.0, 0.0, -0.033545620962240744, -0.008541034382068031, 0.003912222186990104, -0.012660022109691159, 0.0, 0.0, 0.0, 0.0, 0.0, -0.008842807488309656, 0.0, -0.005053024667552024, 0.011448220163105136, 0.00059889999895424, 0.0, -0.02570387078326164, 0.0, -0.033097186744096875, 0.0, 0.0, 0.06631241709796534, 0.14244349608793033, -0.03413651118280005, 0.06631241709796534, 0.0, 0.0, 0.05932291841340956, -0.07623735509286163, 0.0, 0.0, 0.0, 0.04106808962566302, 0.0, -0.023531873314254055, 0.13587358593940735, -0.0049734283119260165, 0.0435531978502324, -0.026700815548665654, 0.04035612798537786, 0.004810692441165988, 0.0, 0.0, 0.0, -0.008899220390644554, 0.0, -0.030366416696392173, -0.024371605331784493, -0.022163709827356968, -0.06262031566568099, 0.04388801465392114, 0.018631835761792327]
["F54E4.3", "ABarpapp-", 0.5536580765396197, 0.008705285718066821, 0.09266304831112997, 0.08093429014249374, 0.13587358593940735, 0.0499448910790697, 0.13587358593940735, 0.04294028563501712, 0.13587358593940735, 0.013618970608010554, 0.13587358593940735, 0.0, 0.0, 0.0, 0.0, 0.13587358593940735, 0.0, 0.0, 0.0, -0.028518135573075934, 0.37795948267570445, 0.0, -0.026049057308022955, 0.0, 0.0, 0.13587358593940735, 0.010183568699699524, 0.13587358593940735, 0.13587358593940735, 0.13587358593940735, 0.13587358593940735, 0.03204870586596734, 0.06842459126559768, 0.2154553522736232, 0.13587358593940735, 0.05537967564068173, 0.13587358593940735, 0.13587358593940735, 0.13587358593940735, 0.0, 0.13587358593940735, 0.01096455522000232, 0.13587358593940735, 0.0, 0.13587358593940735, 0.012146140963733476, 0.13587358593940735, 0.13587358593940735, -0.002963302541611315, 0.04672543684885115, 0.027193464800597613, -0.02613449077493399, 0.08413908592177634, 0.13587358593940735, 0.0, -0.033452100340723497, 0.0, -0.08592869480644239, 0.13587358593940735, 0.00606751995049345, 0.09037319029737408, 0.0, 0.0, 0.0, 0.0, 0.0, -0.05476742520909814, 0.024452883840538592, 0.0, 0.0, 0.0, 0.0, -0.04644443125646125, 0.0, 0.0, -0.031081215977842542, 0.0, 0.05649430376347088, 0.0, 0.0, -0.040356779841252216, -0.09391163719837116, -0.009415849820192487, -0.0089524480872185, 0.0, 0.053093808011837794, 0.0, -0.0089524480872185, 0.0, 0.0, -0.02462377696472179, 0.0, 0.0, 0.0, 0.0, 0.0, -0.012831005919377057, 0.0, 0.21120252587931893, -0.006351319828736974, 0.04381326363657749, 0.0, 0.0, 0.0, 0.0, 0.02368924491621068, 0.0, 0.0064522128664886574, 0.0, 0.0005639470352071397, 0.0, 0.0, -0.05229035080343075, 0.0, 0.0, -0.008559379643536315, 0.001864373063466737, 0.0, 0.0, -0.004171205802779166, 0.0, 0.0, 0.0, 0.0, 0.021583198147976088, 0.004077380636986154, -0.026049057308022955, 0.0, 0.0, 0.012203317575725535, 0.006374480658468629, 0.0, -0.023396437365406763, 0.0, 0.00606751995049345, 0.0, -0.07236361304432602, 0.0, 0.002677565579641736, 0.0, -0.011262378265690414, -0.018126938271333475, 0.0, -0.03442911688956325, 0.0, -0.0364080194738417, 0.02759716560780613, -0.04232571585930949, 0.0, 0.0, -0.009828922438939265, -0.03674552342452854, 0.0, 0.0, 0.0, 0.0, -0.011065165535505178, -0.011262378265690414, 0.00606751995049345, 0.0, -0.044628116227735125, 0.0, 0.0, 0.0, -0.01308149813046476, 0.06098981689792393, 0.0, 0.011629262490488422, 0.01848159834829833, 0.2585494666833238, 0.0, 0.0, -0.01739838755931204, -0.04451189572845729, 0.0, -0.028840734005366922, 0.0, 0.0, 0.04837905850730745, 0.0, -0.027785764056144732, 0.0, 0.0, 0.0, 0.05910902565181647, 0.0, 0.0, 0.0, -0.011644774480207938, 0.0, 0.0, -0.011262378265690414, 0.0, 0.0, 0.0, 0.0, -0.024270262311601388, 0.0, -0.021050758570746606, 0.0, 0.004706312140543655, 0.0, 0.0, -0.02328373102535179, -0.02328373102535179, 0.05715685186242136, 0.0, -0.010016929792397319, 0.0, 0.01852320072183398, 0.02167654971422178, -0.046466197626775216, 0.0, 0.0, 0.0, 0.1342907357232285, 0.013882043349458244, 0.00606751995049345, 0.0, 0.0, -0.12528830770268287, 0.0, 0.0, -0.08592869480644239, 0.0, 0.022498999379021698, 0.0, -0.013123606306643193, 0.13587358593940735, -0.01435580218088689, 0.03803861130998736, -0.046297280282645625, 0.09452241549738576, 0.005748955632317252, 0.0, 0.0, 0.0, -0.016944172782072588, 0.0, 0.02652613125465783, 0.017558723498518326, -0.02179697505689515, 0.0, -0.011028176286994392, 0.0321698243881212]
["F54E4.3", "ABaraapaa-", 0.5536580765396197, 0.08421774198200697, 0.09335822550547355, 0.0659665751168684, 0.13587358593940735, 0.09187918815488484, 0.13587358593940735, 0.13587358593940735, 0.15749489944233008, 0.07754856459263668, 0.13587358593940735, -0.024043689882759577, 0.0, -0.004495845060596006, 0.0, 0.13587358593940735, 0.0, 0.0, 0.0, 0.11925635309650405, 0.05131488944549952, 0.0, -0.03884506235326078, 0.0, 0.0, 0.13587358593940735, -0.01958506089236814, 0.07920407573960896, 0.0918889938567149, 0.13587358593940735, 0.13587358593940735, 0.13587358593940735, 0.07245131263043483, 0.05626320692191809, 0.13587358593940735, 0.0483724751398274, 0.13587358593940735, 0.09490919354023886, 0.13587358593940735, 0.0, 0.13587358593940735, -0.06056620022263017, 0.13587358593940735, -0.025396979344752827, 0.13587358593940735, -0.02707445669978672, 0.13587358593940735, 0.13587358593940735, 0.02283495416995661, 0.003773653119602826, -0.027692059478450777, -0.0526142701952331, 0.08522201420674917, 0.13587358593940735, 0.0, -0.016641049396962444, 0.0, 0.005371776423785432, 0.07814419833801893, -0.013636078985531475, 0.13587358593940735, 0.0, 0.0, 0.0, 0.0, -0.02886845240306111, -0.012980479481988844, -0.05594636390869451, 0.0, 0.0, 0.002394646413353452, 0.0, -0.012555156786646777, 0.0005942447684563057, 0.0, -0.05672631418253928, 0.0, 0.0, 0.0, 0.0, -0.05799417905661899, 0.0, 0.0, 0.0, 0.0, -0.016164467253257202, -0.023607569479145513, 0.0, 0.0, 0.0, -0.019334356512374782, 0.0, -0.015501506777588658, 0.0, 0.006469511977439107, 0.0, -0.0652296943478087, 0.002490434306028627, -0.005591878281124841, -0.01847035922923242, -0.014559199155590832, 0.002490434306028627, 0.008158789065120919, 0.012694314788228096, 0.0, -0.019659187454237937, 0.0, -0.0620547310497531, 0.0, -0.0043158176475121875, 0.0, 0.0, 0.0036194271436133757, 0.0, 0.0, -0.018748252376368273, 0.0, 0.0, 0.0, -0.05190423806066467, 0.0, -0.019072810502201987, 0.0, 0.0, 0.0794678852508941, 0.0, 0.0, 0.0, 0.0, -0.0327640300134657, -0.0526142701952331, 0.0, -0.009952136570694336, 0.0, -0.030601238907352335, 0.0, -0.02089599018067336, -0.04398459205846193, 0.004599812896652159, 0.0, 0.0, -0.006382872665627615, 0.0, -0.039606768350280194, -0.006713547526658792, 0.06638473149946976, -0.062402236160682245, 0.0, -0.011607022267141661, 0.0, 0.010525268729069987, -0.003948635547892714, 0.0, 0.0, 0.0, 0.0, 0.0010776219391227635, 0.00915273019401001, -0.03076203027373979, 0.0, -0.022285702198367684, -0.03884506235326078, 0.0, -0.0018073956674176475, -0.023381485966488, 0.07546232567818018, 0.0, -0.03327412076531993, 0.0063594989520643205, 0.0, 0.0, 0.0, -0.015037274120035728, -0.0014917909000350467, 0.0, -0.02916102347556168, 0.0, 0.0, 0.015096879872694416, 0.00838540535304085, -0.031974595454654996, 0.0, -0.004417405322804878, 0.0, -0.023277227301167564, -0.022759656187449826, 0.0, -0.0297461121078324, -0.007208709286874651, 0.0, 0.0, 0.0, -0.0009054928540344362, 0.0, 0.004434700216107231, -0.005101217688269273, -0.004777064043272408, 0.0, 0.0, 0.0, 0.0, -0.022759656187449826, 0.0, 0.0, -9.648123249963582e-05, -0.03671918872052207, -0.0006699522138168086, 0.00027428848523704274, -0.040964392376804645, 0.02868002565611696, 0.009200701439901647, -0.01557340792787232, 0.0, 0.002258387949181696, 0.0, -0.05126095555526127, 0.030962604402859153, 0.0, 0.0, 0.0, -0.013638988737595878, 0.0, 0.0, 0.0, 0.0, -0.024118825853935474, 0.0, 0.0, 0.13587358593940735, 0.16660829231891017, 0.0646086205982723, -0.029425623779721157, -0.044599937358475096, -0.010801983675265784, 0.0, 0.004216888468602216, 0.0, -0.02465545075923866, 0.0, 0.04823490056888531, -0.009052252847706072, 0.04509295885286871, 0.0, -0.009342712848429895, -0.035411532717095164]
["F54E4.3", "ABaraaa-", 0.5536580765396197, 0.0785269225786043, 0.07213367907955458, 0.06366287704818249, 0.13587358593940735, 0.04885586685505452, 0.08390453045366449, 0.06577601111635745, 0.0870844780619904, 0.057687985224034406, 0.06229967862066367, -0.004967190502277517, 0.0, -0.043483179948196775, 0.002739698843470601, 0.13587358593940735, -0.005138229482316085, 0.0, 0.0, -0.019107688099940384, 0.05173154953234642, 0.0006179527263134995, 0.0, 0.0, -0.017019697402049273, 0.13587358593940735, 0.0005601657991575234, 0.13587358593940735, 0.13587358593940735, 0.13587358593940735, 0.13587358593940735, 0.08854327255551296, 0.13587358593940735, 0.09946506377398336, 0.13587358593940735, 0.0670917533396569, 0.0777340352840867, 0.09398416666533323, 0.13587358593940735, 0.0, 0.13587358593940735, -0.03811330864310894, 0.13587358593940735, -0.02344546475153772, 0.13587358593940735, -0.026466374177013537, 0.13587358593940735, 0.07206387029884471, -0.05237273685015682, 0.0011070245309049089, -0.031181984872209717, -0.0005385935376083651, 0.07201219316641645, 0.13587358593940735, 0.0, 0.0037024467262488053, 0.0, 0.0, 0.07138124722756885, -0.01567068053749586, 0.13587358593940735, 0.0, 0.0, 0.00016180632638876824, 0.0, -0.01056075913121495, 0.005255342854755032, 0.029370620609062283, 0.0, 0.0, -0.001150205815350528, 0.0, -0.038323064945613806, -0.017289060072140913, 0.0, -0.0019378019350330881, -0.0011601583428316902, -0.05164088216609063, 0.0, 0.0, 0.006568458875833961, 0.007631450216989034, -0.0205981922757256, -0.0050185796475475325, 0.0, -0.019876277070310144, 0.010347184893284737, -0.005206031032056369, 0.0, -0.015551595406658125, -0.049871196290289646, 0.0, 0.0, 0.0, -0.008003516741092629, -0.005604215672569484, -0.024200917082984476, -0.017210127878343126, 0.0038702401531400107, 0.0038643438887849156, -0.011305016001629217, -0.021833098552964406, 0.0, 0.0, 0.0, 0.013556138682521264, -0.011030878709730864, 0.03278298801481633, 0.0, -0.0033560193547328963, 0.0, 0.0, -0.04553101501812601, -0.005138229482316085, 0.0, -0.020403016868842765, -0.01246517957996301, 0.0, 0.0, -0.006979519675662675, 0.0, -0.0031268054457824538, 0.001302419206471516, 0.0, -0.06910674792775835, 0.0, 0.0, 0.0, 0.0, -0.04205775516717332, 0.008483096366879994, 0.010715480845780487, -0.04549025968355023, 0.0, -0.011819789314720861, 0.0, -0.01346267712925617, 0.0, 0.00742589214823189, 0.0, -0.011065705094689496, -0.017057913940993815, 0.007471404259177334, -0.00852361075813364, -0.02353800145464891, -0.01895078877099231, -0.01642191326505199, -0.0024778463952739487, -0.0007945557279150382, 0.0, -0.02591020467910123, -0.0344163275957691, 0.0, 0.0, 0.0, 0.0, -0.024858546581039597, -0.006236569674244402, -0.027893479459772958, 0.0, 0.07698989097242996, 0.0, 0.0, 0.0, -0.04362766675655075, 0.05290365146497653, 0.0, -0.01901664318394598, 0.019908211114155756, 0.0, 0.0, 0.0, -0.013346466960445154, -0.0029609360971505974, 0.0, -0.07289370225578252, 0.0, 0.0, -0.04979048124268101, -0.008695586271268752, -0.028764242057340905, 0.0, 0.08884165769064946, 0.0, 0.006662648434489084, 0.0, -0.004059721412237845, 0.0, -0.02277551613286548, 0.0, 0.0, -0.01202668196176927, -0.007060131227924764, 0.0, -0.003443249341830172, 0.0010878387091028657, -0.0010514161113511246, 0.0007116714120448616, 0.01125733832313589, 0.0, 0.0072239780934835515, 0.0, 0.0, 0.0, -0.014112573605993476, -0.05128534342397227, -0.014780489810666254, -0.017953036086369358, 0.0, -0.0242340090176695, -0.02713014830377519, -0.01956776849378328, 0.0, 0.12795704793113144, 0.0, -0.02699180485250181, 0.021066004963171008, 0.0, 0.0, 0.0, -0.017923923779696118, -0.00298261327761401, 0.0, 0.005863057348168625, 0.0, -0.0015935542550776613, -0.00298261327761401, 0.006766212435131672, 0.13587358593940735, 0.006320133534884182, 0.05806462973231054, -0.04326148934647545, 0.013532492071509424, -0.02378806423696952, 0.0, 0.0, 0.0, -0.006355160767288479, 0.0, -0.024267809132027415, -0.025222826310140632, 0.013680248744867899, 0.002803131858125724, -0.006382556970393352, -0.031146707782023674]
["F54E4.3", "ABarpa", 0.5536580765396197, 0.028790896885195632, 0.07479832445526396, 0.0689188899629296, 0.1266773008467256, 0.06898350966134369, 0.1266773008467256, 0.03850912576433729, 0.09418000633345018, 0.06837395292908653, 0.13183685962463423, 0.0, 0.0, 0.0, 0.0, 0.1266773008467256, 0.0, 0.0, 0.0, -0.015382816632637382, 0.218067861014745, 0.0, -0.013673232486489552, 0.0, 0.0, 0.0969303230204295, 0.020721849410610886, 0.1266773008467256, 0.10053061631466044, 0.1266773008467256, 0.1266773008467256, 0.037329958363452126, 0.0513251053652474, 0.13312367096426736, 0.1266773008467256, 0.0453572300354049, 0.08276703917096032, 0.10235941558438842, 0.1266773008467256, 0.0, 0.08276703917096032, 0.021292619207038524, 0.1266773008467256, 0.0, 0.1266773008467256, 0.012870424610364788, 0.1266773008467256, 0.1266773008467256, -0.008929140903082312, 0.04672543684885115, 0.02678809865784814, -0.022487617286075644, 0.07441254006403486, 0.11535100897055953, 0.0, -0.025518679541988026, 0.0, -0.08592869480644239, 0.0957146755636845, 0.00606751995049345, 0.0803004466038128, 0.0, 0.0, 0.0, 0.0, 0.0, -0.027278901417005914, 0.018455283858207286, 0.0, 0.0, 0.0, 0.0, -0.037004519047028894, 0.0, 0.0, -0.031081215977842542, 0.0, 0.05649430376347088, 0.0, 0.0, -0.0219863585247442, -0.056838527057965375, -0.009415849820192487, -0.005038751484491535, 0.0, 0.026864517007920596, 0.0, -0.020434278719717796, 0.0, 0.0, -0.013552546555017482, 0.0, 0.0, 0.0, 0.0, 0.0, -0.046106665821543186, 0.0, 0.1270885532814347, -0.012492866385856647, 0.04381326363657749, 0.0, 0.0, 0.0, 0.0, 0.02368924491621068, 0.0, 0.003938156065521605, 0.0, 0.046764331822632406, 0.0, 0.0, -0.05831213528586299, 0.0, 0.0, -0.008559379643536315, 0.001864373063466737, 0.0, 0.0, -0.005123480296147907, 0.0, 0.0, 0.0, 0.0, 0.021583198147976088, 0.004077380636986154, -0.026049057308022955, 0.0, 0.0, 0.012203317575725535, 0.006374480658468629, 0.0, -0.023396437365406763, 0.0, 0.00606751995049345, 0.0, -0.07236361304432602, 0.0, 0.002677565579641736, 0.0, -0.011262378265690414, -0.018126938271333475, 0.0, -0.019623464417883686, 0.0, -0.030211644681973557, 0.02759716560780613, -0.04232571585930949, 0.0, 0.0, -0.016860058363998016, -0.03674552342452854, 0.0, 0.0, 0.0, 0.0, -0.01968765468978386, -0.011262378265690414, 0.00606751995049345, 0.0, -0.044628116227735125, 0.0, 0.0, 0.0, -0.012838946488242811, 0.04572054161873522, 0.0, 0.011629262490488422, 0.01848159834829833, 0.2585494666833238, 0.0, 0.0, -0.04577682202723695, -0.024593399344920948, 0.0, -0.028840734005366922, 0.0, 0.0, 0.04837905850730745, 0.0, -0.013447295493136058, 0.0, 0.0, 0.0, 0.05910902565181647, 0.0, 0.0, 0.0, -0.011644774480207938, 0.0, 0.0, -0.011262378265690414, 0.0, 0.0, 0.0, 0.0, -0.024270262311601388, 0.0, -0.02444723459953336, 0.0, 0.004706312140543655, 0.0, 0.0, -0.024132590398293782, -0.04282718149928089, 0.03434435970712077, 0.0, -0.010016929792397319, 0.0, 0.01852320072183398, 0.02167654971422178, -0.046466197626775216, 0.0, 0.0, 0.0, 0.08092914943617255, 0.013882043349458244, 0.00606751995049345, 0.0, 0.0, -0.07778121482956016, 0.0, 0.0, -0.08592869480644239, 0.0, 0.022498999379021698, 0.0, -0.02908246923623019, 0.1266773008467256, -0.008488800145744727, 0.05041917772848739, -0.046297280282645625, 0.09452241549738576, 0.005748955632317252, 0.0, 0.0, 0.0, -0.016944172782072588, 0.0, 0.02652613125465783, 0.017558723498518326, -0.02179697505689515, 0.0, -0.011028176286994392, 0.024037670428797852]
["F54E4.3", "ABaraap", 0.5536580765396197, 0.10120477557020902, 0.07682081223528332, 0.10946764073597648, 0.1279684352736065, 0.08195296109934383, 0.1279684352736065, 0.10240375988757233, 0.08404519248909462, 0.06049126086988123, 0.10001948155054947, -0.027660680498162102, 0.0, -0.03529878623072857, 0.0, 0.1279684352736065, 0.0, 0.0, 0.0, 0.08426980323967685, 0.058673403570641706, 0.0, -0.03884506235326078, 0.0, 0.0, 0.09206750950319839, -0.01958506089236814, 0.07465846846289902, 0.10725565513295392, 0.1279684352736065, 0.1279684352736065, 0.10833599544643965, 0.09810225848607557, 0.03191442468144246, 0.1279684352736065, 0.0483724751398274, 0.13386551676816255, 0.0740731380815953, 0.1279684352736065, 0.0, 0.1279684352736065, -0.04801278357955868, 0.1279684352736065, -0.025396979344752827, 0.10028474662247396, -0.02707445669978672, 0.09589516547419544, 0.1279684352736065, 0.02116896806810808, 0.003773653119602826, -0.019708866186220503, -0.0526142701952331, 0.06947474734860273, 0.1279684352736065, 0.0, -0.029566520057654554, 0.0, 0.004002357512984211, 0.07168677641694021, -0.013636078985531475, 0.07777986422629508, 0.0, 0.0, 0.0, 0.0, -0.02886845240306111, -0.012980479481988844, -0.037892661393270285, 0.0, 0.0, 0.002394646413353452, 0.0, -0.009182384475213159, 0.0005942447684563057, 0.0, -0.0608408829629255, 0.0, 0.0, 0.0, 0.0, -0.051356797256508005, 0.0, 0.0, 0.0, 0.0, -0.014884125829451193, -0.05292129964180537, 0.0, 0.0, 0.0, -0.019334356512374782, 0.0, -0.011321870807084577, 0.0, 0.006469511977439107, 0.0, -0.03751002106053967, 0.002490434306028627, -0.005591878281124841, -0.04274736552029921, -0.014559199155590832, 0.019736134485456112, 0.008158789065120919, 0.012694314788228096, 0.0, -0.02687676902144978, 0.0, -0.047414844347683865, 0.0, -0.0043158176475121875, 0.0, 0.0, 0.0036194271436133757, 0.0, 0.0, -0.018748252376368273, 0.0, 0.0, 0.0, -0.04243355701409195, 0.0, -0.019072810502201987, 0.0, 0.0, 0.041715618120505865, 0.0, 0.0, 0.0, 0.0, -0.03172960110813675, -0.04232475184487351, 0.0, -0.006392922048361508, 0.0, -0.030601238907352335, 0.0, -0.02089599018067336, -0.04398459205846193, 0.003155765696721111, 0.0, 0.0, -0.006382872665627615, 0.0, -0.037522490901549674, -0.006713547526658792, 0.06638473149946976, -0.062402236160682245, 0.0, -0.011607022267141661, 0.0, 0.0075211489105382785, -0.003948635547892714, 0.0, 0.0, 0.0, 0.0, 0.0010776219391227635, 0.00915273019401001, -0.024216882811033645, 0.0, -0.025324643226932658, -0.03884506235326078, 0.0, -0.0018073956674176475, -0.02265349015717595, 0.04087461121231102, 0.0, -0.01925120425517725, 0.0063594989520643205, 0.0, 0.0, 0.0, -0.02737207206657355, -0.0014917909000350467, 0.0, -0.03059449921556811, 0.0, 0.0, 0.015096879872694416, 0.0769485125467557, -0.031974595454654996, 0.0, -0.01014972419389805, 0.0, -0.023277227301167564, -0.022759656187449826, 0.0, -0.0297461121078324, -0.02461911059608123, 0.0, 0.0, 0.0, -0.0009054928540344362, 0.0, 0.004434700216107231, -0.006424271645512141, -0.004777064043272408, 0.0, 0.0, 0.0, 0.0, -0.022759656187449826, 0.0, 0.0, -9.648123249963582e-05, -0.019670949096651017, -0.0006699522138168086, 0.00041119310735907597, -0.040964392376804645, 0.02868002565611696, 0.009200701439901647, -0.02291946518135368, 0.0, 0.002258387949181696, 0.0, -0.05126095555526127, 0.030962604402859153, 0.0, 0.0, 0.0, -0.013638988737595878, 0.0, 0.0, 0.0, 0.0, -0.024118825853935474, 0.0, 0.0, 0.1279684352736065, 0.16660829231891017, 0.05093447180151542, -0.02643049629063171, -0.044599937358475096, -0.010801983675265784, 0.0, 0.004216888468602216, 0.0, -0.015801227050435903, 0.0, 0.04823490056888531, -0.015739625926792546, 0.04509295885286871, 0.0, -0.009342712848429895, -0.035411532717095164]
["F54E4.3", "ABaraa", 0.5536580765396197, 0.07458580379932628, 0.061813751156116266, 0.07184641865695468, 0.10949025369981161, 0.054283588690896695, 0.08792392001455059, 0.06979193727268274, 0.07101609879298212, 0.0490425125512079, 0.06735987673903504, -0.013540048916766908, 0.0, -0.03269326631233012, 0.0, 0.10949025369981161, 0.0, 0.0, 0.0, 0.08426980323967685, 0.04581630427702972, 0.0, -0.03884506235326078, 0.0, 0.0, 0.09459193897121672, -0.01958506089236814, 0.08736746308443635, 0.10089477849081328, 0.10949025369981161, 0.10949025369981161, 0.08170177329093224, 0.09709626407497435, 0.05452040374691658, 0.10949025369981161, 0.047915823307254815, 0.08781045767634724, 0.06974111571860622, 0.10949025369981161, 0.0, 0.10949025369981161, -0.03574096212680212, 0.10949025369981161, -0.020268839553439347, 0.09800196203261, -0.02221859554080166, 0.09618035548430018, 0.08301023386871188, 0.02116896806810808, 0.0020254038068850803, -0.021118895950574278, -0.02205759533005455, 0.058714836025655415, 0.10949025369981161, 0.0, -0.029566520057654554, 0.0, 0.004002357512984211, 0.05937096044500473, -0.0121618403336328, 0.08866279281417577, 0.0, 0.0, 0.0, 0.0, -0.016362497354377017, -0.012980479481988844, -0.037892661393270285, 0.0, 0.0, 0.002394646413353452, 0.0, -0.019714007970741534, 0.0005942447684563057, 0.0, -0.026052158427290653, 0.0, 0.0, 0.0, 0.0, -0.051356797256508005, 0.0, 0.0, 0.0, 0.0, -0.014425015828429422, -0.05292129964180537, 0.0, 0.0, 0.0, -0.028719206663755232, 0.0, -0.011321870807084577, 0.0, 0.006469511977439107, 0.0, -0.025609060460967115, 0.002490434306028627, -0.005591878281124841, -0.04274736552029921, -0.010733239028002318, 0.019736134485456112, 0.008158789065120919, 0.012694314788228096, 0.0, -0.02687676902144978, 0.0, -0.047414844347683865, 0.0, -0.0031836906640479615, 0.0, 0.0, 0.0036194271436133757, 0.0, 0.0, -0.016247155713179286, 0.0, 0.0, 0.0, -0.020505643028263094, 0.0, -0.009212488484617894, 0.0, 0.0, 0.041715618120505865, 0.0, 0.0, 0.0, 0.0, -0.030620582427616706, -0.04232475184487351, 0.0, -0.021530697439564074, 0.0, -0.01760405382314652, 0.0, -0.014258301931042258, -0.04398459205846193, 0.004391220157736417, 0.0, 0.0, -0.009727554620308275, 0.0, -0.01910840179827037, -0.012553912972420343, 0.06638473149946976, -0.03271077169063852, 0.0, -0.0051464581521701285, 0.0, 0.0075211489105382785, -0.015920851153547265, 0.0, 0.0, 0.0, 0.0, 0.0010776219391227635, 0.00915273019401001, -0.021624973759632043, 0.0, -0.025324643226932658, -0.03884506235326078, 0.0, -0.0018073956674176475, -0.02750562875707308, 0.03891649148553951, 0.0, -0.015880549676628317, 0.010900683014937696, 0.0, 0.0, 0.0, -0.016897547812349974, -0.0018478110739769049, 0.0, -0.042945962064501145, 0.0, 0.0, 0.015096879872694416, 0.0769485125467557, -0.025205654118495825, 0.0, -0.01014972419389805, 0.0, -0.023277227301167564, -0.022759656187449826, 0.0, -0.0297461121078324, -0.01966801831149818, 0.0, 0.0, 0.0, -0.0033056076420325082, 0.0, 0.004434700216107231, -0.006424271645512141, -0.0024187268119009197, 0.0, 0.0, 0.0, 0.0, -0.022759656187449826, 0.0, 0.0, -0.0058965323717146, -0.029445735876199718, -0.006411688362821868, 0.00041119310735907597, -0.040964392376804645, 0.02868002565611696, 0.009200701439901647, -0.017631528036006688, 0.0, 0.054037340392629626, 0.0, -0.032473654311642855, 0.02159104760092724, 0.0, 0.0, 0.0, -0.013098108038799405, 0.0, 0.0, 0.0, 0.0, -0.010670229891427838, 0.0, 0.0, 0.10949025369981161, 0.07176255371146731, 0.045232898175665864, -0.02892106857417493, -0.044599937358475096, -0.014354321210803692, 0.0, 0.004216888468602216, 0.0, -0.009194549496251363, 0.0, 0.04823490056888531, -0.016998767925474827, 0.02438994888320871, 0.0, -0.006525737538111396, -0.027620614049867452]
["F54E4.3", "ABarp", 0.5536580765396197, 0.03070444486670156, 0.0625516425294841, 0.059831029904315165, 0.1062740293171692, 0.060849209097631946, 0.08842371611437566, 0.0350094844744147, 0.0639004104045168, 0.04826497258856121, 0.08202378585158784, 0.0, 0.0, 0.0, 0.0, 0.1062740293171692, 0.0, 0.0, 0.0, -0.022617923457847647, 0.10675827181519801, 0.0, -0.013673232486489552, 0.0, 0.0, 0.07445017556085634, 0.011414922349427217, 0.087423164294584, 0.07443521680548912, 0.1062740293171692, 0.08040569225666401, 0.035242557445827424, 0.08509704600331959, 0.08014685881130762, 0.1062740293171692, 0.04461489624493628, 0.06299299497090173, 0.09643075785487806, 0.1062740293171692, 0.0, 0.08850025413104282, 0.027536065446611194, 0.10677992174070998, 0.0, 0.14263606951238883, 0.01794997452667411, 0.1062740293171692, 0.07118112002625165, -0.013922749825957505, 0.02980711739586734, 0.02678809865784814, -0.020527237731983086, 0.05854578707648343, 0.09209413809631803, 0.0, -0.011841458255474904, 0.0, -0.03675153295980466, 0.07783082482944657, 0.008769496853077374, 0.05464448681627486, 0.0, 0.0, 0.0, 0.0, 0.0, -0.027278901417005914, 0.04476376781348378, 0.0, 0.0, 0.0, 0.0, -0.016732217405084487, 0.0, 0.0, -0.018846712951008617, 0.0, 0.026671996098770457, 0.0, 0.0, -0.0219863585247442, -0.056838527057965375, -0.007248521129073416, -0.005038751484491535, 0.0, 0.026864517007920596, 0.0, -0.013011185529782643, 0.0, 0.0, -0.01956057494789547, 0.0, 0.0, 0.0, 0.0, 0.0, -0.021695027716365927, 0.0, 0.1270885532814347, -0.013004719783163494, 0.02382240911726119, 0.0, 0.0, 0.0, 0.0, 0.01915192550642198, 0.0, 0.0016871390675934476, 0.0, 0.046764331822632406, 0.0, 0.0, -0.05831213528586299, 0.0, 0.0, -0.013172505565444952, 0.003949486734602367, 0.0, 0.0, -0.005123480296147907, 0.0, 0.0, 0.0, 0.0, 0.015582862328540403, 0.004077380636986154, -0.026049057308022955, 0.0, 0.0, 0.005408586350561475, 0.006374480658468629, 0.0, -0.023396437365406763, 0.0, 0.00606751995049345, 0.0, -0.04073610002003092, 0.0, 0.002677565579641736, 0.0, -0.008299818306950008, -0.018017219618735442, 0.0, -0.014292793412515357, 0.0, -0.016687341253626545, 0.01154416215562153, -0.022158150964046563, 0.0, 0.0, -0.02443734946565203, -0.019620088932839626, 0.0, 0.0, 0.0, 0.0, -0.01968765468978386, -0.013013236621838077, 0.00606751995049345, 0.0, -0.019996014013426065, 0.0, 0.0, 0.0, -0.02326278755844189, 0.050497286946025746, 0.0, 0.011629262490488422, 0.01848159834829833, 0.2585494666833238, 0.0, 0.0, -0.03774285182537253, -0.031742952938674365, 0.0, -0.021789701074079605, 0.0, 0.0, 0.02031710645449748, 0.0, -0.013447295493136058, 0.0, 0.0, 0.0, 0.027574336295042065, 0.0, 0.0, 0.0, -0.011644774480207938, 0.0, 0.0, -0.011262378265690414, 0.0, 0.0, 0.0, 0.0, -0.014693568342201903, 0.0, -0.009940175211191123, 0.0, 0.004706312140543655, 0.0, 0.0, -0.03744503431259703, -0.037387267252996036, 0.01444385636989332, 0.0, -0.010016929792397319, 0.0, 0.01852320072183398, 0.02167654971422178, -0.046466197626775216, 0.0, 0.0, 0.0, 0.08092914943617255, 0.007861105361763841, 0.00606751995049345, 0.0, 0.0, -0.07778121482956016, 0.0, 0.0, -0.08592869480644239, 0.0, 0.011779200303271101, 0.0, -0.02908246923623019, 0.1062740293171692, -0.008488800145744727, 0.06293714750698795, -0.046297280282645625, 0.09452241549738576, 0.0080782793000057, 0.0, 0.0, 0.0, -0.016944172782072588, 0.0, 0.016571792587755617, 0.017558723498518326, -0.02179697505689515, 0.0, -0.011028176286994392, 0.024037670428797852]
["F54E4.3", "ABara", 0.5536580765396197, 0.04965294329175553, 0.04448866995914352, 0.03946674106876354, 0.096604236831183, 0.05119101292528179, 0.06648504862194232, 0.08693419790706265, 0.04493346364821376, 0.07730497546667031, 0.04130717769679127, -0.018123986537296168, 0.0, -0.040537139082333085, 0.0, 0.096604236831183, 0.0, 0.0, 0.0, 0.034115876937784, 0.06983108715587849, 0.0, -0.03884506235326078, 0.0, 0.0, 0.06461551068841029, -0.01958506089236814, 0.06375934120317889, 0.0672431154923177, 0.096604236831183, 0.096604236831183, 0.06382664476231978, 0.0723257996935413, 0.059669322365982255, 0.096604236831183, 0.04003440342030806, 0.04779472608891855, 0.03987393146541219, 0.096604236831183, 0.0, 0.07862631603063204, -0.032846229620106214, 0.096604236831183, -0.020268839553439347, 0.09208108602527812, -0.021157753799612038, 0.06926720189985262, 0.08617856811480099, 0.00882802473638434, 0.0020254038068850803, -0.014212364196468683, -0.02205759533005455, 0.054865085578991224, 0.07399753183071214, 0.0, -0.029566520057654554, 0.0, 0.004002357512984211, 0.06039493914121193, -0.01179100435677625, 0.06208365252442122, 0.0, 0.0, 0.0, 0.0, -0.016362497354377017, -0.023071242398072067, -0.03131898524915547, 0.0, 0.0, 0.002394646413353452, 0.0, -0.019714007970741534, 0.0005942447684563057, 0.0, -0.020683089314000196, 0.0, 0.0, 0.0, 0.0, -0.036877510297333466, 0.0, 0.0, 0.0, 0.0, -0.014425015828429422, -0.03685687662026682, 0.0, 0.0, 0.0, -0.02036520983094456, 0.0, -0.011321870807084577, 0.0, 0.00520248949397405, 0.0, -0.01757694574297764, 0.002490434306028627, -0.012485397013830252, -0.01749004945478066, -0.005711943672838553, 0.019736134485456112, 0.008158789065120919, 0.012694314788228096, 0.0, -0.026739448412876544, 0.0, -0.02489205450943545, 0.0, -0.0031836906640479615, 0.0, 0.0, 0.0036194271436133757, 0.0, 0.0, -0.016247155713179286, 0.0, 0.0, 0.0, -0.01373586519176551, 0.0, -0.009212488484617894, 0.0, 0.0, 0.041715618120505865, 0.0, 0.0, 0.0, 0.0, -0.022148205531919672, -0.04232475184487351, 0.0, -0.021530697439564074, 0.0, -0.01760405382314652, 0.0, -0.01277357156680006, -0.02106417038051065, 0.004391220157736417, 0.0, 0.0, -0.006923400196390612, 0.0, -0.01910840179827037, -0.018217818427630168, 0.06638473149946976, -0.014533516210427878, 0.0, -0.0030302243521092833, 0.0, 0.0075211489105382785, -0.020028806711309695, 0.0, 0.0, 0.0, 0.0, 0.017291979979574806, 0.00915273019401001, -0.011302423767681013, 0.0, -0.025324643226932658, -0.03884506235326078, 0.0, -0.005627554749562491, -0.0218304736887236, 0.037181650794857066, 0.0, -0.015880549676628317, 0.010900683014937696, 0.0, 0.0, 0.0, -0.013962836863496902, -0.002214794719850351, 0.0, -0.03164481626990148, 0.0, 0.0, 0.015096879872694416, 0.0769485125467557, -0.018035208656229, 0.0, -0.009949906068970227, 0.0, -0.012066672862251802, -0.022759656187449826, 0.0, -0.0297461121078324, -0.018895051930267696, 0.0, 0.0, 0.0, -0.0033056076420325082, 0.0, 0.004434700216107231, -0.010148146255836215, -0.015957006652187158, 0.0, 0.0, 0.0, 0.0, -0.02173500349627297, 0.0, 0.0, -0.0058965323717146, -0.024691175201462086, -0.008104407115984882, 0.00041119310735907597, -0.040964392376804645, 0.02868002565611696, 0.006277808799583701, -0.017331425988097122, 0.0, 0.054037340392629626, 0.0, -0.026772365652349545, 0.010590092312045548, 0.0, 0.0, 0.0, -0.005889981525839001, 0.0, 0.0, 0.0, 0.0, -0.013879280727251062, 0.0, 0.0, 0.096604236831183, 0.02898499670998724, 0.03468202477349311, -0.02892106857417493, -0.04003683707222089, -0.023705093144350375, 0.0, 0.004216888468602216, 0.0, -0.009194549496251363, 0.0, 0.02627893581769227, -0.009167554607843168, 0.02438994888320871, 0.0, -0.006525737538111396, -0.022079072454504155]
["F54E4.3", "ABar", 0.5536580765396197, 0.04017869407922854, 0.05352015624431381, 0.049648885486539354, 0.1014391330741761, 0.05602011101145687, 0.07745438236815899, 0.060971841190738674, 0.054416937026365284, 0.06278497402761576, 0.061665481774189554, -0.018123986537296168, 0.0, -0.040537139082333085, 0.0, 0.1014391330741761, 0.0, 0.0, 0.0, 0.034115876937784, 0.08829467948553825, 0.0, -0.026259147419875166, 0.0, 0.0, 0.06953284312463331, -0.01958506089236814, 0.07559125274888144, 0.07083916614890341, 0.1014391330741761, 0.08850496454392351, 0.0495346011040736, 0.07871142284843044, 0.06990809058864494, 0.1014391330741761, 0.04232464983262217, 0.05539386052991014, 0.06815234466014512, 0.1014391330741761, 0.0, 0.08356328508083744, -0.032846229620106214, 0.10169207928594648, -0.020268839553439347, 0.11735857776883347, -0.021157753799612038, 0.0877706156085109, 0.07867984407052632, 0.00882802473638434, 0.01591626060137621, -0.014212364196468683, -0.021292416531018817, 0.05670543632773733, 0.08304583496351509, 0.0, -0.02070398915656473, 0.0, 0.004002357512984211, 0.06911288198532925, -0.01179100435677625, 0.05836406967034804, 0.0, 0.0, 0.0, 0.0, -0.016362497354377017, -0.02517507190753899, -0.03131898524915547, 0.0, 0.0, 0.002394646413353452, 0.0, -0.01822311268791301, 0.0005942447684563057, 0.0, -0.019764901132504405, 0.0, 0.0, 0.0, 0.0, -0.029431934411038835, 0.0, 0.0, 0.0, 0.0, -0.014425015828429422, -0.03685687662026682, 0.0, 0.0, 0.0, -0.019962892389420013, 0.0, -0.011321870807084577, 0.0, 0.00520248949397405, 0.0, -0.019635986729671782, 0.002490434306028627, -0.012485397013830252, -0.015247384618972078, -0.005711943672838553, 0.019736134485456112, 0.008158789065120919, 0.012694314788228096, 0.0, -0.026739448412876544, 0.0, -0.02489205450943545, 0.0, -0.0031836906640479615, 0.0, 0.0, 0.0036194271436133757, 0.0, 0.0, -0.014709830639312119, 0.0, 0.0, 0.0, -0.009429672743956709, 0.0, -0.009212488484617894, 0.0, 0.0, 0.028649240224523136, 0.0, 0.0, 0.0, 0.0, -0.022148205531919672, -0.04232475184487351, 0.0, -0.022463567402485417, 0.0, -0.01760405382314652, 0.0, -0.02675483579341549, -0.02106417038051065, 0.0035343928686890763, 0.0, 0.0, -0.012470309907563027, 0.0, -0.016700597605392865, -0.018217818427630168, 0.06638473149946976, -0.014533516210427878, 0.0, -0.0030302243521092833, 0.0, 0.0075211489105382785, -0.01982444782207466, 0.0, 0.0, 0.0, 0.0, 0.017291979979574806, 0.00915273019401001, -0.011302423767681013, 0.0, -0.02266032862017936, -0.03884506235326078, 0.0, -0.005627554749562491, -0.022546630623582746, 0.043839468870441406, 0.0, -0.015880549676628317, 0.014691140681618014, 0.0, 0.0, 0.0, -0.025852844344434717, -0.01697887382926236, 0.0, -0.026717258671990544, 0.0, 0.0, 0.017706993163595947, 0.0769485125467557, -0.015741252074682528, 0.0, -0.009949906068970227, 0.0, -0.012066672862251802, -0.022759656187449826, 0.0, -0.0297461121078324, -0.015269913205237816, 0.0, 0.0, 0.0, -0.0033056076420325082, 0.0, 0.004434700216107231, -0.010148146255836215, -0.01532528749719453, 0.0, 0.0, 0.0, 0.0, -0.02173500349627297, 0.0, 0.0, -0.021641899812355318, -0.024691175201462086, -0.008104407115984882, 0.00041119310735907597, -0.040964392376804645, 0.02360161318897547, 0.01397717925690274, -0.03189881180743617, 0.0, 0.054037340392629626, 0.0, -0.026772365652349545, 0.009225598836904695, 0.0, 0.0, 0.0, -0.04183559817769958, 0.0, 0.0, 0.0, 0.0, -0.013879280727251062, 0.0, 0.0, 0.1014391330741761, 0.02898499670998724, 0.04880958614024053, -0.037609174428410275, -0.04003683707222089, -0.023705093144350375, 0.0, 0.004216888468602216, 0.0, -0.013069361139161975, 0.0, 0.021425364202723944, -0.009167554607843168, 0.02438994888320871, 0.0, -0.008776956912552893, -0.022079072454504155]
