["F09G8.5", "ABarpp-", 0.5834611523373845, 0.0008847174120573145, -0.006384041976373565, -0.004174827771131615, 0.11218639463186264, -0.029379477617094814, -0.002955575556056951, 0.002430714381941161, 0.04394439651906855, -0.006445874861634575, 0.052286602813440906, -0.002266099716334823, 0.0, -0.0009362901934452649, 0.0029168870332049526, 0.11218639463186264, 0.00013316896820984338, 0.0, 0.0, -0.01706661263092142, -0.0176519169042731, 0.005071506261141503, 0.0019156315366290458, -0.01788051730037785, -0.0002850486716142488, 0.042996239388386884, 0.010716232954613839, 0.040823177371603674, 0.008353576628026016, 0.0, -0.00026834811616023113, -0.001539591291232073, 0.05932937471427705, 0.0433411301023449, 0.0, -0.028175617529639676, -0.01380060124172458, 0.0, 0.0, 0.04659070165731128, 0.0, -0.025949854789576454, -0.0027233968990307547, -0.010983997560218652, 0.3876449862835146, -0.0204709807297511, 0.0, -0.000527492897743829, -0.023443635878878086, -0.009372815568146134, -0.006457908672933594, -0.000205945391547552, 0.0010391815211289958, 0.0056928837794501495, 0.0, -0.006651124766936711, 0.0, -0.0038814554417969057, 0.002975479127873399, 0.00020862278650508913, 0.0031376215634027356, 0.0, 0.0, 0.0, -0.0037325562150516667, 0.09367238566468156, -0.015899166438193786, 0.059430446711338125, 0.0, -0.011127960530135319, 0.0007618269616293522, 0.0, -0.0020736246741469575, -0.022533729336996045, 0.00809361704524775, -0.012626355704242101, 0.0, -0.003711084889629844, 0.0, 0.0, -0.0341230362411272, 0.004225648445458068, -0.006492086248766081, 0.004190751987670063, -0.0030948944825191327, -0.019794994284086712, -0.03452720123493604, 0.0051882810252005225, 0.0, -0.017329500860151614, -0.021659308447457604, -0.013156268722973763, -0.006309027901611188, 0.0, -0.002271615724488343, -0.0041641278832428765, -0.028501082141122114, -0.018142880209997114, -0.0023894408545366954, -0.009443302243891538, -0.010715215741508466, -0.011997265658764491, 0.0, 0.0010401054008523688, 0.0, -0.03376785844585303, -0.011120172316784365, -0.011129586571202906, 0.0, 0.06220005968680055, 0.0, 0.0, 0.019938182218492372, 0.0012465400047234835, 0.0, -0.006832492102611059, -0.0023399586617126726, 0.0, 0.001290978356981709, -0.004910805184421843, 0.0, -0.0028676467963232363, -0.004681507387911709, 0.0, -0.03622748030084303, 0.0038921961005462897, -0.010732472209467055, 0.0, 0.0, -0.006216592513338826, -0.0005551569762921551, 0.0, -0.023529582179416603, 0.0, 0.003996227169922681, -0.010732472209467055, -0.0372344237756789, 0.0, -0.017096589102284454, 0.0, -0.01614008500432228, 0.0035915302705404567, -0.00966223809554402, -0.0033364670390324705, -0.0007595190438780053, -0.013803086455868132, 0.07347984941830618, -0.01476407028841, -0.005937766402270849, -0.0051258120863815464, -0.009201368743984653, -0.023667331137750148, 0.0, 0.0, 0.0, 0.0, 0.0014167469393262305, -0.0077246410100973795, -0.014144471636220663, 0.0, -0.0021318099404338316, 0.0, -0.010157996141448633, -0.008618751224437742, -0.016599405629627164, -0.011935341083006902, 0.0, -0.014822503450232638, 0.007605769797050122, 0.004685625047124535, 0.0, 0.0, -0.01094541120702656, -0.009670936681479581, -0.004394675355466353, 0.026793009155521404, 0.0, 0.0, -0.006946906847247247, -0.03737941634721688, -0.020927385079095185, 0.0, -0.009742876798128595, -0.004645840642646892, -0.006526508926355988, 0.0, -0.0063252998432006095, 0.0, 0.00945272277006994, 0.0, 0.003285018730747304, 0.00819149403984161, -0.04942116166738782, 0.0, -0.006309027901611188, 0.0, -0.00795505290150965, -0.001076811802144607, 0.00261229682152906, 0.0011210556598182904, 0.0, -0.00938072003480083, 0.0, 7.142811977278512e-06, -0.006932340513906966, -0.01209398711723367, -0.014195236886460407, -0.00943479281316011, -0.0036893988226629126, 0.06856425552315978, -0.002082248925958494, -0.023601358356107705, -0.000659652733505653, 0.005848881229508133, 0.0, 0.06432641026762335, 0.01101608972368853, 0.0, 0.0, 0.003763100817235234, 0.00020070209334616942, -0.012162565890745804, -0.006042842364548019, 2.835711969170201e-05, 0.0, -0.034084110669946904, -0.007588166785580513, 0.001345540438564011, 0.0, 0.000510888782539567, -0.03593496199750671, -0.03790971552974279, -0.014726743710272957, 0.0004717641336685468, 0.003763100817235234, 0.0, 0.0, -0.003802420125539783, 0.0, 0.06243957067544867, -0.03198430448172169, -0.017146770657783944, -0.008192002429795278, -0.01102406036169803, -0.013305767723216962]
["F09G8.5", "ABarap-", 0.5834611523373845, -0.0049077003421851735, -0.003340550546585418, -0.012705810126279077, 0.11218639463186264, 0.010095468515735374, 0.008573310108205365, -0.002643450230596649, 0.06161954093546383, 0.004397564878166708, 0.045341143448366386, 0.005981876692851856, 0.0, 0.0017904232043535681, 0.0027422195354482874, 0.11218639463186264, 0.0, 0.0, 0.0, 0.004095392207803505, 0.0033852500839008062, 0.0, 0.0, 0.0, -0.0004244338199247589, 0.04743976619438917, 0.020013045216863947, 0.048482298024983335, 0.0009496132172498508, 0.0, 0.0, 0.0027982285907458045, 0.053256400721017755, 0.06474174851173951, 0.0, -0.005439971318216207, -0.012447220006860412, -0.012710834964564958, 0.0, 0.11218639463186264, 0.005484721145003943, 0.004172477577343726, 0.0, 0.004259136203135695, 0.11218639463186264, 0.0035397931803525145, 0.002355967514780441, 0.0, 0.005062605141752666, -0.010032629705453922, 0.010688345993855625, 0.006090794080990545, 0.0032404387301325764, 0.0011042272265959097, 0.0, 0.01064499497746344, 0.00025001579324148126, 0.0, 0.004518187418668646, 0.003478581356019401, 0.002888779412478808, 0.0, 0.0, 0.004459979093579232, -0.00929394569043099, -0.014318610111353467, -0.01037936420975356, -0.016331263318787325, 0.0, 0.0, 0.0, 0.0, 0.011080798998364338, -0.0005551598854023006, 0.0, -0.0014338745236807007, -0.00596653366743951, -0.002899662108887193, 0.0, 0.0, -0.0024645938662884886, 0.0, 0.0, -0.00026582800810985764, 0.0, 0.0014354961364989305, -0.00518113955684782, 0.0011545033378032041, 0.0, 0.003918778332131523, -0.005898269106245849, 0.0024282363411121223, 0.0, 0.0012169937850770459, 0.000491736785015875, 0.0, -0.0038313716662091166, 0.005534773375611722, 0.002521145855379595, -0.009189597274085392, 0.002144435106284975, -0.005496056704502224, 0.0, 0.0, 0.0, -0.00307622931912295, 0.0, 0.010144959340649368, 0.0, -0.032438328615165164, 0.0, 0.0, -0.006723502109068753, 0.0, 0.0, 0.0027025527042938567, 0.0024862903607815083, 0.0, 0.0, 0.003361151131681978, 0.0, 0.00300507734321223, 0.0007095263542222798, 0.0, -0.012983733306886638, 0.0, 8.713450602649078e-05, 0.0, 0.0, 0.0027400239278522085, 0.0018287579117154654, 0.0, -0.007915475828750093, 0.0, -0.0069441917695882704, 0.0, 0.0024121077513830197, 2.2555008715217272e-05, -0.004046948422529155, 0.0, 0.0, -0.001151446002948767, -0.00038877592357194804, 0.0030641037744365833, 0.002975227273161402, 0.0022799672089779863, -0.003681517668881509, 0.003077249623990009, 0.0031429020891632275, 0.0, 0.0, 0.003720300407806958, 0.0, 0.0, 0.0, 0.0, 0.008939573361602263, -0.012936121440729871, 0.004387503576051557, 0.0, -0.009346104767890051, 0.0, 0.0, 0.00106941208996835, 0.005074699948624049, -0.01144393665083161, 0.0, 0.003220131651579158, -0.005374244867404314, 0.0, 0.0, 0.0035201884958198457, 0.005359495731627684, -0.005373344071469202, 0.0, -0.007353029701954772, 0.0, 0.0, -0.00775253256707542, -0.038634318840359505, -0.02022656497543762, 0.0, -0.0050760640826806435, 0.003980242990617629, 0.002276772885623792, 0.0, 0.00805191805297191, 0.0, 0.00489618255027297, 0.0, 0.0, 0.0023899634935411166, -0.009645027966265422, 0.0, -0.008833643655554745, 0.0037283106048680865, -0.005533457383552078, 0.0, 0.0, 0.0, 0.0, 0.0017845373421952007, 0.0, 0.0, -0.0036165032096832743, -0.008518858137357034, 0.0035059691704548684, 0.0024987723008026794, 0.0, 0.005439430408080618, 0.000491736785015875, 0.004195298913326005, 0.0028612188972473485, 0.0, 0.0, -0.009267285210949357, -0.0013945132288219514, 0.0, 0.0, 0.0, 0.0014135845274479222, 0.0, 0.0, 0.0013779227639720312, 0.0, -0.013780388014808489, 0.0010862411081526365, 0.0, 0.0, 0.006199181222600011, -0.006744847837943487, 0.0023963266782964, -0.029888591532459055, 0.004509228521004063, -0.00032492699979343165, 0.0, 0.0, 0.00929191291694989, 0.0, -0.0023642950019441052, -0.0004129427514539466, -0.0021735555374921504, 0.002145899180107563, 0.009753602437627048, 0.0021307667911717463]
["F09G8.5", "ABarpapa-", 0.5834611523373845, -0.0007447798674338395, 0.004401488143109302, -0.0022116832133219173, 0.11218639463186264, 0.0019603200256730624, 0.0, 0.0027143185191927533, 0.04153326379263617, 0.0030758024195926344, 0.05621041600969933, 0.0022270997374991643, 0.0, -0.011949080960492907, 0.004003888058948689, 0.11218639463186264, 0.0, 0.0, 0.0, 0.0018828877288117288, 0.0018989679344738437, 0.0, 0.002430523747363277, 0.0, 0.0004171002176872726, 0.048488710623267275, 0.0024603039885958077, 0.11218639463186264, -0.0065448870386461576, 0.0, 0.0, 0.005918416391266179, 0.08014603784966116, 0.054381282102545676, 0.0, -0.007297821449257571, -0.03204035676635559, 0.000541681574406839, 0.0, 0.11218639463186264, -0.03204035676635559, -0.0009038498988321893, 0.0, 0.0001136128699677899, 0.11218639463186264, 0.004860376324365006, 0.0, 0.0, 0.0012135881152110497, -0.005972398554655908, 0.0022949759089494278, 0.005043985105817043, 0.003635878097793218, -0.0038725685202445678, 0.0, 0.004417405256103191, 0.0, 0.0017445346026858423, 0.004678021210379262, -0.0029819742159560934, 0.0030829889462361095, -0.007098517273967368, 0.0, 0.0027767483623014956, 0.0, 0.008786303842412338, -0.004318914428766196, 0.0023531915882276976, 0.0, 0.005779069348010385, 0.0, 0.0, -0.004298991898793053, 0.0032004162140293812, 0.0, -0.013373040050313353, 0.0002038489573992353, -0.001819723089891001, 0.0, 0.0, -0.0008905642483560677, 0.00470439783034998, 0.0, 0.0038864671688340433, -0.008360307045835782, -0.010924394148072065, -0.0044043720414049985, 0.0009465573349346667, 0.0, 0.004960303808384532, -0.006712381709093788, 0.0014051637489154245, 0.0005949069883648269, 0.0013606296185118087, 0.002202314979510947, -0.0033590811405347343, -0.01089734653453362, 0.002437978663195666, -0.012024293482107883, -0.020633291059321355, -0.007555613295420473, 0.005091078595716293, 0.0, 0.0017345978953555465, 0.0, -0.004336381282837965, 0.002858311166130683, 0.0028432085515213376, 0.0, 0.0010908169315779473, 0.0, 0.0, -0.003336088921269491, -0.011116624945813475, 0.0, 0.0, 0.0032374212598846866, 0.0, 0.0, 0.0003428799794110737, 0.0, -0.01775581085602252, 0.0023583208534537557, 0.0, -0.013250786000704812, 0.0, 0.0, 0.0, 0.0, 0.00222047923670066, 0.0011783052825309422, -0.00037702849976915765, 0.004952630754741404, 0.0, -0.0009630939538712722, 0.0, -8.294272646051985e-05, 0.0, -0.0012537460145303702, 0.0, 0.004343059061348566, 0.0, -0.008852539283475945, 0.001996572953939282, 0.0, 0.005539884098393373, -0.012297954163329445, 0.004291267062381274, 0.0024052051739664707, 0.0015496742926782324, -0.0009154303695235368, 0.0012419362069432764, 0.0009236842170465055, 0.0, 0.0, 0.0, -0.0065353684813295, 0.003319898568712591, 0.0038225429954200267, 0.0, 0.002338206597802716, 0.0, 0.00017383851193659446, 0.001667258950708568, 0.003523567715113967, -0.006171431187059123, 0.0, 0.00394778659165734, -0.0006221439017845762, 0.0, 0.0, 0.0, -0.01020359676769235, 0.005261214036522803, 0.0037066845377232726, 0.007442731594583602, 0.0, 0.0, 0.0032194445897986593, -0.005642416934959611, -0.01296680277110419, 0.0, 0.005729288029759653, 0.001857299164958496, 0.0, 0.0, -0.0018105002167144867, 0.0, 0.00227702638911635, 0.0, 0.0, 0.008329075189381507, -0.0070971508446070605, 0.0, 0.0, 0.0, 0.0026328594728347024, 0.0, 0.0029048331464644776, 0.0, 0.0, 0.0, 0.0, -0.01683923658875343, -0.010930579096493632, 0.004033390387400698, -0.0044729314126050225, 0.003935733165861183, -0.008852539283475945, -0.0033645627041822717, -0.006733165714138605, 0.006027863795164997, -0.0006088208659475334, 0.0, 0.002487094688063884, 0.0050063782760098085, -0.0008729893850531554, 0.00038219852638628004, 0.0, 0.0, -0.01685155158546426, 0.0006265370108318352, 0.0, 0.0, 0.000164104036684065, 0.0010063163870472685, 4.483115219642387e-05, 0.0031442013002821343, 0.0, 0.0007137086813122296, 0.0006942606572232963, 0.008113640437527814, -0.004939702940782609, 0.0009845323140369971, 0.0, 0.002202314979510947, 0.0, -0.0015159449017044374, 0.0, -0.007850319474545455, 0.0016176106268220966, -0.014198109881237398, 0.002459945037539309, 0.0015557528376530293, 0.004197875008271014]
["F09G8.5", "ABaraapp-", 0.5834611523373845, -0.015733416678602587, 0.0030537519970387055, -0.006939831518630877, 0.11218639463186264, 0.002949248179199313, 0.0, 0.0016145008813133876, 0.039194760967348495, 0.001131549627825944, 0.05199041909430807, -0.009402998089718917, 0.0, -0.01149485435806653, 0.0, 0.11218639463186264, 0.0014986576730332463, 0.0, 0.0, 0.0030700417691413347, -0.010864485141975837, 0.0, 0.0, 0.0, 0.0015953624958722178, 0.08120256746109385, 0.0035735766546933128, 0.05395553445063109, 0.0, 0.0, 0.0, -0.00242755966837494, 0.11218639463186264, 0.031938034303643656, 0.0, -0.012698895601206416, -0.00043015716928293307, 0.003971410677948334, 0.0, 0.11218639463186264, 0.0, 0.0009794378270552564, 0.0, 0.0, 0.05143135884654106, -0.01829734373573956, -0.03472233495198749, 0.0, 0.004712993207171735, -0.006818725768107179, 0.0028521706807932727, 0.0, 0.005295904366988018, 0.0, 0.0, 0.007206855682910733, 0.00375576394753047, -0.004038373078367792, 0.000907493048865442, -0.007515229614636646, -0.025210238420293, 0.001914612803893716, 0.0, 0.0, 0.3110734071303662, 0.0007023418286964792, -0.00047083757905298177, -0.03290682278051964, 0.0, 0.0, -0.00423208578589231, -0.002502578253931146, 0.004368158439870221, 0.005560755471128749, 0.0, -0.006841207425143252, 0.005157752549827669, -0.0023104883423560067, 0.0009864440481208395, 0.0, -0.013927175923358539, 0.009335858398774427, 0.0, 0.0, 0.0, -0.0038103843620256716, -0.013125547331316791, 0.0, 0.0, 0.005661272810219056, -0.006122333700881997, 0.0, 0.003146259321162955, 0.0, 0.0, -8.247895699254237e-05, 0.012151088182772104, 0.0, 0.00959193072751138, -0.03790792333821867, 0.0, -0.014201968576829876, 0.0, 0.0, 0.0, -0.012707997818613238, 0.0, 0.005552690868938942, 0.0, 0.011976683943492838, 0.0, 0.0, 0.004000433795617396, 0.0, 0.0, 0.0, 0.0, 0.0, 0.0, 0.004329775456713282, 0.0, -0.002019732592741068, 0.0, 0.0, -0.027583255412790348, 0.0, 0.0, 0.0, 0.0, -0.008031651231827306, -0.02026185465194052, 0.0, 0.03539378501908261, 0.0, -0.007525806936233923, 0.0, -0.03595869571613256, 0.0, 0.008278064410869038, 0.0, -0.01561733922665803, 0.0, 0.0, -0.00036984878102437916, 0.006916679938757616, 0.006604836508736426, -0.0062886044553991565, 0.0030113351147864975, -0.0027734606261604015, 0.0, 0.00037721943771601625, 0.00839368149313427, 0.001914612803893716, 0.0, 0.0, 0.0, 0.009096507923653874, 0.2531911544537013, 0.0017242270246056078, 0.0, -0.02035294940041464, 0.0, 0.0, 0.0, -0.0018506721377514323, -0.01619387073102318, 0.0, -0.0004670383918295215, -0.01813902881161978, -8.448024260469486e-07, 0.0, 0.0, 0.012243133925829632, 0.008238967047781494, 0.3110734071303662, -0.007807350831678868, 0.0, 0.0, -0.010204274135113498, 0.04346038239569059, 0.0027044085374248877, 0.0, 0.2070573637370279, 0.002197099390959226, 0.0009781575141273324, 0.0, -1.9946349329251834e-05, 0.0034277854257342487, -0.009652285585495057, 0.0, 0.0, -0.02297201685694244, 0.0, 0.0, 0.0011764231826251505, 0.003146259321162955, -0.00862207013822995, 0.0027713159345740877, 0.0, 0.0, 0.0, 0.0, 0.0, -0.0006530088080927385, 0.0, 0.009493863796446593, 0.004843626912317192, -1.4395553389803003e-05, 0.0, 0.029196138880475803, 0.0, -0.01233610893042165, 0.0, 0.0, -0.007508221550851662, -0.0005661064750783841, -0.021838030381596065, -0.007508221550851662, 0.0, 0.0, 0.009519726629807454, -0.030983827155357208, 0.0, 0.0, 0.0, 0.0021091830663390355, 0.0, 0.0009864440481208395, 0.0, -0.017177109990766517, -0.001280362424709369, 0.047766094581184866, 0.010167122954743014, 0.002015248475689582, 0.0, 0.0, 0.0, -0.0007117032422409923, 0.0, 0.005249177887089452, 0.0016270273290168427, 0.0035842264969347783, 0.002405895473717375, 0.0038295313389913608, -0.0007145195120827406]
["F09G8.5", "ABarpapp-", 0.5834611523373845, -0.0012062192648387285, 0.002270239063560595, 0.0033965040044073806, 0.11218639463186264, -0.020941120892371826, 0.0, 0.002532192534552643, 0.11218639463186264, -4.635859680132079e-05, 0.11218639463186264, 0.0, 0.0, 0.0, 0.0, 0.11218639463186264, 0.0, 0.0, 0.0, 0.0009722880549740576, -0.01728144172842275, 0.0, 0.0071932141952994475, 0.0, 0.0, 0.11218639463186264, -0.00018612017931868546, 0.11218639463186264, 0.0, 0.0, 0.0, -0.002254882689193944, 0.06892101114201955, 0.08058392397334613, 0.0, 0.003673023652997182, 0.0, 0.0, 0.0, 0.11218639463186264, 0.0, 0.0011671146222255963, 0.0, 0.0, 0.11218639463186264, -0.0001195779508427492, 0.0, 0.0, 0.006708284451968452, -0.0027788913488182056, 0.000478419617361231, 0.001849654435878, 0.0008813377352861298, 0.0, 0.0, -0.0070420543341156066, 0.0, -0.020941120892371826, 0.0, 0.0009182212536230611, -0.0005244567949922059, 0.0, 0.0, 0.0, 0.0, 0.0, -0.0012572449737971165, 0.00014020162564878593, 0.0, 0.0, 0.0, 0.0, 0.0024177819983235136, 0.0, 0.0, 0.0012259324330117232, 0.0, -0.0007286026500417022, 0.0, 0.0, -0.00553955480198826, 0.00261206343195048, -0.0013421130763071776, -0.001526649964852582, 0.0, 0.00324387595550365, 0.0, -0.001526649964852582, 0.0, 0.0, -0.0008130224464523883, 0.0, 0.0, 0.0, 0.0, 0.0, -0.004558411665185574, 0.0, 0.0011308824558230693, 0.0004726376093960161, -0.0009973742964492012, 0.0, 0.0, 0.0, 0.0, -0.0035037053593806773, 0.0, 0.00048588734772086296, 0.0, 0.001106204035833989, 0.0, 0.0, -0.007307648267182696, 0.0, 0.0, -0.00019507771875219604, 0.0026815794661220593, 0.0, 0.0, -0.004479047890924663, 0.0, 0.0, 0.0, 0.0, -0.0014351663813223336, 0.0015133191691033452, 0.0071932141952994475, 0.0, 0.0, 0.001012707120615991, -0.006953701059166543, 0.0, -0.018338991985961235, 0.0, 0.0009182212536230611, 0.0, -0.000569018976436692, 0.0, -0.00015637149543842925, 0.0, 0.0024280779783971023, 0.0005917054601580231, 0.0, 0.0010827444564648465, 0.0, -0.0005999522015165139, 0.0010133409822233026, -0.021356147547198556, 0.0, 0.0, 0.0013964834025110646, -0.0021288400136615006, 0.0, 0.0, 0.0, 0.0, 0.0006411002355194359, 0.0024280779783971023, 0.0009182212536230611, 0.0, 0.0008518948333360327, 0.0, 0.0, 0.0, -0.0007193388661996992, -0.002413955192685311, 0.0, -0.00018526008163389634, -0.0004716485875484009, -0.019117967260433417, 0.0, 0.0, 0.0015521685510982888, -0.030239939002047148, 0.0, -0.004232229318639393, 0.0, 0.0, -0.004439537137119101, 0.0, 0.003048859490223879, 0.0, 0.0, 0.0, -0.009344348067707637, 0.0, 0.0, 0.0, -0.007386317800184516, 0.0, 0.0, 0.0024280779783971023, 0.0, 0.0, 0.0, 0.0, -0.0020343264773076564, 0.0, -0.012700908167886415, 0.0, 0.0015056053746449584, 0.0, 0.0, -0.016036593239035675, -0.016036593239035675, 0.0031439032360314023, 0.0, -0.0027935179363791484, 0.0, -0.0006979324640038415, -0.008961667666873332, -0.005419593504126891, 0.0, 0.0, 0.0, -0.013467430623829723, 0.0005374089245251262, 0.0009182212536230611, 0.0, 0.0, -0.00288340995274927, 0.0, 0.0, -0.020941120892371826, 0.0, -0.003042975302330793, 0.0, -0.011761838871042667, 0.0, 0.0003272621088017131, 8.921556330094465e-06, -0.0023857518901458266, 0.002382701561155378, 0.0016042009788372856, 0.0, 0.0, 0.0, 0.0017779174241899388, 0.0, 0.0004832434199560563, 0.0030552038578870373, -0.00017814055342483227, 0.0, -0.00045632760699651633, 0.004418180574503901]
["F09G8.5", "ABaraapaa-", 0.5834611523373845, -0.0019678756152499274, 0.0071903113441331165, 0.0005479993217184236, 0.11218639463186264, 0.006236668688785689, 0.0, 0.0, 0.07910687519366844, 0.0009340361240154106, 0.11218639463186264, 0.0037031553162158574, 0.0, 0.0030646169759058674, 0.0, 0.11218639463186264, 0.0, 0.0, 0.0, 0.0012187312015542761, -0.010637534332271702, 0.0, -0.03232962127417681, 0.0, 0.0, 0.11218639463186264, 0.0013678298118868016, 0.04538914079110563, 0.00013576092455983065, 0.0, 0.0, 0.0, 0.0614489150082157, 0.06403991530373666, 0.0, -0.010306840379303663, 0.0, 0.0005921918033030954, 0.0, 0.11218639463186264, 0.0, -0.006652467856027812, 0.0, -0.009865358495102481, 0.11218639463186264, -0.004660100023468354, 0.0, 0.0, -0.005734540721961894, -8.692353863062137e-05, 0.000539443330123488, -0.010974494139654902, 0.0006954092148653768, 0.0, 0.0, 0.005751795046189938, 0.0, 0.002565884698391614, 0.0021111737074779265, 0.002776626280879594, 0.0, 0.0, 0.0, 0.0, 0.0, -0.000382193622075202, 0.005630908736495891, 0.0011189687973598718, 0.0, 0.0, 0.00041041243511553526, 0.0, -0.003264058181485322, 0.0019442563137197235, 0.0, -0.009587603099771119, 0.0, 0.0, 0.0, 0.0, 0.0054856919943082364, 0.0, 0.0, 0.0, 0.0, 0.0028707651885580064, -0.014910892971221038, 0.0, 0.0, 0.0, -0.010605315241920325, 0.0, 0.0017258328236013476, 0.0, 0.003165046690701715, 0.0, -0.0028724876058710564, 0.0006692407341836443, 0.0024951398394079784, 0.0014494229586202501, -0.006316521939114562, 0.0006692407341836443, 2.22454505259073e-05, 0.0007336644929501722, 0.0, 0.004871749909911366, 0.0, -0.0032494626501489775, 0.0, 0.0020523727402003682, 0.0, 0.0, 0.0011271076700775024, 0.0, 0.0, 0.0005490568257780866, 0.0, 0.0, 0.0, -0.023287378992025785, 0.0, -0.0001400628149226874, 0.0, 0.0, -3.4001844191958554e-05, 0.0, 0.0, 0.0, 0.0, 0.006735904691402639, -0.010974494139654902, 0.0, 0.002594697397803699, 0.0, -0.0026450816633165064, 0.0, 0.00496123693149502, 0.00013576092455983065, 0.00460118080633175, 0.0, 0.0, 0.0001402408156185703, 0.0, 0.003593894951234628, 0.0021450489307368896, 0.0023773753152098957, 0.002948645577676217, 0.0, 0.004748561597222144, 0.0, -0.0006133234452294726, 0.0033308676771473963, 0.0, 0.0, 0.0, 0.0, 0.005862230869003858, 0.005683530817603585, -0.01050779487577219, 0.0, 0.0017041992698066954, -0.03232962127417681, 0.0, 0.0013912473750449768, -0.00911182345221769, -0.0006490936164619655, 0.0, -0.010886452025688694, 0.0012148432822597915, 0.0, 0.0, 0.0, 0.0013315062930871696, 0.005955779939792523, 0.0, 0.0020607016793408655, 0.0, 0.0, -0.004257482235542953, -0.00028092650365528574, 0.001932029019743989, 0.0, 0.0003502469112565718, 0.0, 0.013588088706208038, 0.0013804379214737796, 0.0, -0.0008826236998783121, 0.002285802140716274, 0.0, 0.0, 0.0, 0.004515385432726089, 0.0, -0.001784344589846367, 0.0020394920439951803, -0.00043053273753812917, 0.0, 0.0, 0.0, 0.0, 0.0013804379214737796, 0.0, 0.0, 0.004405931762776801, -0.018232309568372664, -0.00040398316871108277, 0.003679417328092927, 0.0005921918033030954, -0.006109687868804889, 0.0021863840533584535, 0.008604695627174391, 0.0, -0.0011135146858113575, 0.0, -0.011113834547966807, 0.0025093092129901493, 0.0, 0.0, 0.0, 0.0005972079313397009, 0.0, 0.0, 0.0, 0.0, 0.009939996304405176, 0.0, 0.0, 0.0, -0.0022762706374773872, -0.01523102422782401, 0.006318050554927937, -0.005838141310536614, 0.004829919134942782, 0.0, -0.0008646645537444748, 0.0, 0.0017076601875216056, 0.0, -0.01204051784972295, 0.0037773716232545563, -0.0026553747466886986, 0.0, 0.0016318220754805311, -0.019849848387663745]
["F09G8.5", "ABaraaa-", 0.5834611523373845, -0.0020018684178915087, 0.006006686864207723, 0.003296773361215511, 0.11218639463186264, 0.000543352196256133, 0.0032814791987091324, -0.007404984162545073, 0.0452321480248414, 0.0017480917015268737, 0.05021075974445712, 0.003647320774303548, 0.0, -0.011718244888391295, -0.0030452613453318318, 0.11218639463186264, 0.0013013435015190745, 0.0, 0.0, 0.0011290873328866399, -0.0010116312338700477, 0.0030852729316748805, 0.0, 0.0, 0.0010909946804555377, 0.11218639463186264, 0.002313872682257647, 0.11218639463186264, 0.0, 0.0, 0.0, 0.0010736703037794886, 0.11218639463186264, 0.06145721237537045, 0.0, 0.0037329922400876517, 0.0007717064106365228, -0.002002267695353587, 0.0, 0.11218639463186264, 0.0, 0.0026856527671178607, 0.0, -0.0018271711313406097, 0.11218639463186264, 0.0028183686616627176, 0.0, -0.00681063757304229, -0.013018870565422015, -0.005720906076402751, -0.003094927266157575, -0.0006291464691806828, 0.0005277198834994382, 0.0, 0.0, 0.004903953169970658, 0.0, 0.0, -0.004317318177163702, -0.0064790421791428975, 0.0, 0.0, 0.0, -0.0032890892687705633, 0.0, 0.0015694466150997163, -0.00826392130587253, -0.0039268936309188, 0.0, 0.0, 0.001933183710937705, 0.0, -0.006171765583387644, 0.003978700975429384, 0.0, -0.00575347583438521, 0.0027107740075322157, 0.00456642571297077, 0.0, 0.0, -0.009010452159899481, 0.003379810028960452, 0.0032459288260503496, -0.005154139473233486, 0.0, -1.0734484015324113e-06, 0.0074174452013291295, 0.0018991393024263702, 0.0, 0.002740354721307091, -0.018202509063142164, 0.0, 0.0, 0.0, -0.0011600842764709646, 0.006924490271746968, 0.0035935722535828385, 0.0033421724909009527, -0.0006589334131242588, 0.002776516982734994, 0.0005705276944359648, 0.004516600252877276, 0.0, 0.0, 0.0, -0.0013034235993549322, 0.002983020222977124, 0.0001731469542646929, 0.0, 0.005046605795678144, 0.0, 0.0, -0.0017520958174509042, 0.0013013435015190745, 0.0, 0.004384277499362956, -0.003418357401230609, 0.0, 0.0, 0.001250320021973702, 0.0, 0.004403593137379445, -0.00020869768416679764, 0.0, -0.006960347583191352, 0.0, 0.0, 0.0, 0.0, 0.002192307445093632, 0.0027474221469127114, 0.0017156266938130656, 0.0019376520143325098, 0.0, -0.0005305861144097356, 0.0, -0.0052627900506023945, 0.0, 0.0034753274773991023, 0.0, 0.0038742429431367856, -5.9680640189416884e-05, 0.0020027756385770923, -0.0016566781223522197, 0.0013154995190374317, -0.005967310459585824, -0.02000737798474841, 0.0018697475731580134, -0.002273836866071875, 0.0, 0.0038833499612875625, -0.004333128783025103, 0.0, 0.0, 0.0, 0.0, 0.0016561124471588932, 0.00019710852164459927, -0.004529020260351587, 0.0, 0.0016570504211775887, 0.0, 0.0, 0.0, 0.001376562579725846, -0.003050298761644168, 0.0, 0.0023922365880573522, -0.004676892211656731, 0.0, 0.0, 0.0, -0.007486871616902245, -0.0004141648188658715, 0.0, -0.010201691376487467, 0.0, 0.0, -0.0012552388617943439, -0.004515519583678587, -0.00772060332092826, 0.0, 0.0008266564336308024, 0.0, 0.0024290139804963185, 0.0, -0.003111516086929493, 0.0, 0.00047045119841156125, 0.0, 0.0, 0.0007294599722915733, -0.004573984058148588, 0.0, -0.0011006091409196106, -0.002226189362100154, -0.005821194759264563, 0.0017657417168460102, 0.0040454098670367955, 0.0, 0.0007677349932103777, 0.0, 0.0, 0.0, 0.002141510998889669, 0.0010265960504679693, -0.0020265819573739205, 0.002402604241979805, 0.0, -0.0014481676808906015, 0.0010767236140964626, -0.009318015539287286, 0.0, -0.008817622929915966, 0.0, 0.0020042041120693203, -0.0017575907015691063, 0.0, 0.0, 0.0, -0.0008002414535179564, 0.000990565266972652, 0.0, 0.002243654263456555, 0.0, 0.003026003992196797, 0.000990565266972652, 0.0036854879186707695, 0.0, -0.0010087764429346294, -0.0009504386997856397, -0.003103789785066422, 0.004685404741215106, -0.0015506773749577295, 0.0, 0.0, 0.0, -0.002513737873559984, 0.0, -0.0052056828719749025, 0.00316652085070878, -0.0026213947385014275, 0.003139763341853534, 0.0038363063957066157, -0.0013362695867348406]
["F09G8.5", "ABarpa", 0.5834611523373845, -0.0009059328664903145, 0.003097970087633781, 0.0033965040044073806, 0.10418594287294443, -0.020941120892371826, 0.0, 0.0024361808877158757, 0.07137865337244173, -4.635859680132079e-05, 0.07819388683921967, 0.0, 0.0, 0.0, 0.0, 0.10418594287294443, 0.0, 0.0, 0.0, 0.001325781000797197, -0.01728144172842275, 0.0, 0.004468715724436322, 0.0, 0.0, 0.07460836669253679, -0.00018612017931868546, 0.10418594287294443, 0.0, 0.0, 0.0, -0.002254882689193944, 0.06921824656835304, 0.06267015397098946, 0.0, 0.003673023652997182, 0.0, 0.0, 0.0, 0.10418594287294443, 0.0, 0.0011671146222255963, 0.0, 0.0, 0.10418594287294443, -0.0001195779508427492, 0.0, 0.0, 0.003678466383732497, -0.004063600550404778, 0.0012878069074973913, 0.003201013535707854, 0.002097537728502324, 0.0, 0.0, -0.0070420543341156066, 0.0, -0.020941120892371826, 0.0, 0.0009182212536230611, -0.0005244567949922059, 0.0, 0.0, 0.0, 0.0, 0.0, -0.002589250803862149, 0.0011577897827681064, 0.0, 0.0, 0.0, 0.0, 0.0024177819983235136, 0.0, 0.0, 0.0012259324330117232, 0.0, -0.0011832973188661351, 0.0, 0.0, -0.002985781022038193, 0.0033973478584793096, -0.0013421130763071776, -0.001526649964852582, 0.0, 0.00324387595550365, 0.0, -0.001526649964852582, 0.0, 0.0, -0.0034943690365412316, 0.0, 0.0, 0.0, 0.0, 0.0, -0.007176773735077517, 0.0, 0.0011308824558230693, 0.0004726376093960161, -0.003971520252360665, 0.0, 0.0, 0.0, 0.0, -0.0036404896587751423, 0.0, 0.0015458425075302856, 0.0, 0.0010201713931202064, 0.0, 0.0, -0.004942345274173564, 0.0, 0.0, -0.00019507771875219604, 0.002748446785941679, 0.0, 0.0, -0.004479047890924663, 0.0, 0.0, 0.0, 0.0, -0.00681931976212247, 0.0015133191691033452, 0.0071932141952994475, 0.0, 0.0, 0.0015013075793475256, -0.006953701059166543, 0.0, -0.018338991985961235, 0.0, 0.0009182212536230611, 0.0, -0.0003027338785433465, 0.0, -0.0006547782501605682, 0.0, 0.0031441303516472024, 0.0005917054601580231, 0.0, 0.0014298596049048423, 0.0, -0.0005999522015165139, 0.0010133409822233026, -0.021356147547198556, 0.0, 0.0, 0.0013964834025110646, -0.0021288400136615006, 0.0, 0.0, 0.0, 0.0, 0.0006411002355194359, 0.0026690328989416954, 0.002201340879371746, 0.0, 0.0014813013937838215, 0.0, 0.0, 0.0, -0.0007193388661996992, -0.003986564403987735, 0.0, -0.00018526008163389634, -0.0005078949287141789, -0.019117967260433417, 0.0, 0.0, 0.0015521685510982888, -0.030239939002047148, 0.0, -0.004232229318639393, 0.0, 0.0, -0.004439537137119101, 0.0, 0.003048859490223879, 0.0, 0.0, 0.0, -0.009344348067707637, 0.0, 0.0, 0.0, -0.007386317800184516, 0.0, 0.0, 0.00499500919470402, 0.0, 0.0, 0.0, 0.0, -0.0020343264773076564, 0.0, -0.012700908167886415, 0.0, 0.0015056053746449584, 0.0, 0.0, -0.015265662737350638, -0.012522018760001825, 0.0033327263340935734, 0.0, -0.0027935179363791484, 0.0, -0.0018863913529940657, -0.007287786631348231, -0.005419593504126891, 0.0, 0.0, 0.0, -0.013467430623829723, 0.0005374089245251262, 0.0006038408728415462, 0.0, 0.0, -0.009163792018484676, 0.0, 0.0, -0.020941120892371826, 0.0, -0.003042975302330793, 0.0, -0.011761838871042667, 0.0, 0.00048336754036488273, 0.0003265177661290879, -0.0023857518901458266, 0.002382701561155378, 0.0012020602848043026, 0.0, 0.0, 0.0, 0.0017779174241899388, 0.0, 0.0004832434199560563, 0.002169788879290282, -0.006675511818647315, 0.0, -0.00045632760699651633, 0.004000805434931719]
["F09G8.5", "ABaraap", 0.5834611523373845, -0.008308063136121832, 0.0048080289052367066, 0.0005479993217184236, 0.10530888187627821, 0.004311390153638111, 0.0, 0.0, 0.05552461628316137, 0.0009694781914499829, 0.0770560313496456, 0.0037031553162158574, 0.0, 0.0030646169759058674, 0.0, 0.10530888187627821, 0.0, 0.0, 0.0, 0.0020129262895345985, -0.01009192619276784, 0.0, -0.03232962127417681, 0.0, 0.0, 0.09076668981141794, 0.0023192384049748596, 0.046627207801800324, 0.00013576092455983065, 0.0, 0.0, 0.0, 0.08149535588714198, 0.04504704242924463, 0.0, -0.010797692272750395, 0.0, 0.0021419169240861876, 0.0, 0.10530888187627821, 0.0, -0.006652467856027812, 0.0, -0.009865358495102481, 0.07679363763520719, -0.01077502642344959, 0.0, 0.0, -0.005734540721961894, -0.0032411515206840873, 0.001591846678100316, -0.010974494139654902, 0.002812010031811577, 0.0, 0.0, 0.006082114606610348, 0.0, 0.002565884698391614, 0.0014168046932552256, 0.002776626280879594, 0.0, 0.0, 0.0, 0.0, 0.0, -0.000382193622075202, 0.005630908736495891, 0.0011189687973598718, 0.0, 0.0, 0.00041041243511553526, 0.0, -0.003264058181485322, 0.0035224609995007984, 0.0, -0.007710826578451203, 0.0, 0.0, 0.0, 0.0, 0.0054856919943082364, 0.0, 0.0, 0.0, 0.0, 0.0028707651885580064, -0.013158842432452727, 0.0, 0.0, 0.0, -0.0078510857415731, 0.0, 0.002286705878404287, 0.0, 0.003165046690701715, 0.0, -0.0028724876058710564, 0.0006692407341836443, 0.005673040348336649, 0.0014494229586202501, -0.006316521939114562, 0.0006692407341836443, 2.22454505259073e-05, 0.0007336644929501722, 0.0, 0.004871749909911366, 0.0, -0.0032494626501489775, 0.0, 0.006584507319210433, 0.0, 0.0, 0.0024066004629995537, 0.0, 0.0, 0.0005490568257780866, 0.0, 0.0, 0.0, -0.023287378992025785, 0.0, -0.0010136952890274652, 0.0, 0.0, -0.012962099779416226, 0.0, 0.0, 0.0, 0.0, 0.006735904691402639, -0.014660712539763223, 0.0, 0.01782981180840418, 0.0, -0.004773684499005356, 0.0, 0.00496123693149502, 0.00013576092455983065, 0.006044845801866108, 0.0, 0.0, 0.0001402408156185703, 0.0, 0.003593894951234628, 0.004253102785965754, 0.0042157816331456505, 0.002948645577676217, 0.0, 0.004748561597222144, 0.0, -0.0006133234452294726, 0.005502891717295344, 0.0, 0.0, 0.0, 0.0, 0.0070208516001577966, 0.12150227191743523, -0.01050779487577219, 0.0, 0.0017041992698066954, -0.03232962127417681, 0.0, 0.0013912473750449768, -0.005145223522609748, -0.00790520877659044, 0.0, -0.005328736096677748, 0.0012148432822597915, 0.0, 0.0, 0.0, 0.006371227937299611, 0.0066622737038807235, 0.0, 0.0020607016793408655, 0.0, 0.0, -0.006787593978568025, -0.00028092650365528574, 0.002176101908956277, 0.0, 0.09734631209816003, 0.0, 0.006836636062829738, 0.0013804379214737796, 0.0, -0.0008826236998783121, 0.002285802140716274, 0.0, 0.0, 0.0, 0.004515385432726089, 0.0, -0.001784344589846367, 0.00243392115302939, -0.004248819520608607, 0.0, 0.0, 0.0, 0.0, 0.0013804379214737796, 0.0, 0.0, 0.004405931762776801, -0.018232309568372664, -0.00040398316871108277, 0.003679417328092927, 0.0005921918033030954, -0.006109687868804889, 0.0021863840533584535, 0.008604695627174391, 0.0, -0.0011135146858113575, 0.0, -0.005481954980164872, 0.0025093092129901493, 0.0, 0.0, 0.0, 0.004748361288131152, 0.0, 0.0, 0.0, 0.0, 0.005655256197614748, 0.0, 0.0, 0.0, -0.009130401994807393, -0.0077495835048047345, 0.025384276187001956, -0.005838141310536614, 0.003212764567828775, 0.0, -0.0008646645537444748, 0.0, 0.0017076601875216056, 0.0, -0.01204051784972295, 0.0025365429236968657, -0.0026553747466886986, 0.0, 0.002563274376971037, -0.009651841460460232]
["F09G8.5", "ABaraa", 0.5834611523373845, -0.004232264792208611, 0.004439480567739149, 0.0015782933159912689, 0.08928261030780166, 0.0019928895759451825, 0.0, 0.0, 0.04136102203235534, 0.0011155724282121834, 0.052243485453137506, 0.0030173974483629455, 0.0, 0.0030646169759058674, 0.0, 0.08928261030780166, 0.0, 0.0, 0.0, 0.001289808138991651, -0.0045580511295182135, 0.0, -0.03232962127417681, 0.0, 0.0, 0.08331298702221492, 0.001901909128121465, 0.06519356744343889, 0.00013576092455983065, 0.0, 0.0, 0.0, 0.07950707037388877, 0.04372038800340264, 0.0, -0.010797692272750395, 0.0, 0.0021419169240861876, 0.0, 0.08928261030780166, 0.0, -0.006652467856027812, 0.0, -0.004799826382027517, 0.07757699775252377, -0.01077502642344959, 0.0, 0.0, -0.007698344252780843, -0.003678957579415881, 0.001591846678100316, -0.004763337113630015, 0.0013709714038357974, 0.0, 0.0, 0.004509821196392121, 0.0, 0.002565884698391614, 0.0014168046932552256, 0.002776626280879594, 0.0, 0.0, 0.0, 0.0, 0.0, -0.000382193622075202, 0.005630908736495891, 0.0011189687973598718, 0.0, 0.0, 0.0009620548307360841, 0.0, -0.0038734403323959716, 0.003079254557688399, 0.0, -0.0055271456221564035, 0.0, 0.0, 0.0, 0.0, 0.0054856919943082364, 0.0, 0.0, 0.0, 0.0, 0.0028707651885580064, -0.013158842432452727, 0.0, 0.0, 0.0, -0.010695096415023484, 0.0, 0.002286705878404287, 0.0, 0.003165046690701715, 0.0, -0.0028724876058710564, 0.001646699870952758, 0.005673040348336649, 0.0017347638763735265, -0.006316521939114562, 0.0021288067832988334, 2.22454505259073e-05, 0.0007336644929501722, 0.0, 0.004871749909911366, 0.0, -0.0032494626501489775, 0.0, 0.004774614678326995, 0.0, 0.0, 0.0024066004629995537, 0.0, 0.0, 0.0020251518706116954, 0.0, 0.0, 0.0, -0.023287378992025785, 0.0, -0.0010136952890274652, 0.0, 0.0, -0.008178237857900355, 0.0, 0.0, 0.0, 0.0, 0.0036650638934604407, -0.014660712539763223, 0.0, 0.008114616545214523, 0.0, -0.002177422580149402, 0.0, 0.00496123693149502, 0.00013576092455983065, 0.003908066118040807, 0.0, 0.0, 0.0001402408156185703, 0.0, 0.003593894951234628, 0.0022859317109726568, 0.0042157816331456505, 0.002948645577676217, 0.0, 0.004748561597222144, 0.0, -0.0006133234452294726, 0.005502891717295344, 0.0, 0.0, 0.0, 0.0, 0.003561925629508484, 0.0499580429188611, -0.006172667874094001, 0.0, 0.0013798053508354503, -0.03232962127417681, 0.0, 0.0013912473750449768, -0.005145223522609748, -0.004497276106241196, 0.0, -0.005328736096677748, 0.0012148432822597915, 0.0, 0.0, 0.0, 0.006371227937299611, 0.0066622737038807235, 0.0, 0.0020607016793408655, 0.0, 0.0, -0.003301612438603856, -0.0019689587459237588, 0.002176101908956277, 0.0, 0.04030036437069876, 0.0, 0.0038035833943077905, 0.0013804379214737796, 0.0, -0.0008826236998783121, 0.0011314521250199042, 0.0, 0.0, 0.0, 0.004515385432726089, 0.0, -0.001184284108764892, 0.00243392115302939, -0.004133777869471393, 0.0, 0.0, 0.0, 0.0, 0.0013804379214737796, 0.0, 0.0, 0.0026877493156989255, -0.018232309568372664, -0.000997755916652551, 0.00249669220611383, 0.0005921918033030954, -0.003102527478480027, 0.00133951768950197, 0.008604695627174391, 0.0, -0.004076768488463908, 0.0, -0.005481954980164872, 0.0025093092129901493, 0.0, 0.0, 0.0, 0.004748361288131152, 0.0, 0.0, 0.0, 0.0, 0.003563689211791066, 0.0, 0.0, 0.0, -0.004162170010456767, -0.0035713910878087027, 0.025384276187001956, -0.005838141310536614, 0.003212764567828775, 0.0, -0.0008646645537444748, 0.0, 0.0017076601875216056, 0.0, -0.007079628776525834, 0.0023411286383120183, -0.0021661332659456403, 0.0, 0.0026270514258220803, -0.0045106599664882716]
["F09G8.5", "ABarp", 0.5834611523373845, -0.0009059328664903145, 0.003097970087633781, 0.0033965040044073806, 0.0865021940719074, -0.020117369106777395, 0.0, 0.0019457067571503589, 0.0461043077766725, -0.002595490925771765, 0.05216400935854934, 0.0, 0.0, 0.0, 0.0, 0.0865021940719074, 0.0, 0.0, 0.0, 0.001325781000797197, -0.01396579712026203, 0.0, 0.0025523597524884974, 0.0, 0.0, 0.04701643738879638, -0.00018612017931868546, 0.05797232310859414, 0.0, 0.0, 0.0, -0.001516969906785437, 0.051391279550349556, 0.04238161298470025, 0.0, 0.003673023652997182, 0.0, 0.0, 0.0, 0.06027808691754516, 0.0, 0.0011671146222255963, 0.0, 0.0, 0.19662612594141507, -0.00823177548284404, 0.0, 0.0, 0.003678466383732497, -0.005371663901777526, 0.0012878069074973913, 0.003201013535707854, 0.0012540101031846, 0.0, 0.0, -0.005474313628627776, 0.0, -0.009923668340345474, 0.0, 0.00045049419427643756, -0.0005244567949922059, 0.0, 0.0, 0.0, 0.0, 0.0, -0.0073913730137485385, 0.024222206277044828, 0.0, 0.0, 0.0, 0.0, 0.0024177819983235136, 0.0, 0.0, 0.0012259324330117232, 0.0, -0.0019566955949348376, 0.0, 0.0, -0.014835510628090178, 0.0030475517956539805, -0.003131987379858284, -0.001526649964852582, 0.0, 0.00324387595550365, 0.0, -0.001526649964852582, 0.0, 0.0, -0.010056037275535255, 0.0, 0.0, 0.0, 0.0, 0.0, -0.014263435190757678, 0.0, 0.0011308824558230693, 0.0004726376093960161, -0.005871521756778686, 0.0, 0.0, 0.0, 0.0, -0.01495525825977697, 0.0, 0.0015458425075302856, 0.0, 0.025274435545739028, 0.0, 0.0, -0.004942345274173564, 0.0, 0.0, -0.0028095098271420137, 0.002748446785941679, 0.0, 0.0, -0.0037539128263670706, 0.0, 0.0, 0.0, 0.0, -0.017209421020090016, 0.0021610384040127283, 0.0071932141952994475, 0.0, 0.0, 0.0015013075793475256, -0.0030019211445049864, 0.0, -0.016738385182380813, 0.0, 0.0019647177462344912, 0.0, -0.015006754254069925, 0.0, -0.007096712276026532, 0.0, 0.0031441303516472024, 0.0016723906262619084, 0.0, 0.0014298596049048423, 0.0, -0.005758104106716468, 0.02978118408005363, -0.014440284415127545, 0.0, 0.0, 0.0013964834025110646, -0.01031289595049078, 0.0, 0.0, 0.0, 0.0, 0.0008226943321018171, 0.0026690328989416954, 0.002201340879371746, 0.0, 0.0014813013937838215, 0.0, 0.0, 0.0, -0.006923756588923991, -0.00636532273170076, 0.0, -0.005999863423345287, -0.0005078949287141789, -0.019117967260433417, 0.0, 0.0, 0.0015521685510982888, -0.01595572869327392, 0.0, -0.004232229318639393, 0.0, 0.0, -0.0045521178847674005, 0.0, 0.003048859490223879, 0.0, 0.0, 0.0, -0.006344914362065716, 0.0, 0.0, 0.0, -0.007386317800184516, 0.0, 0.0, 0.005271752734561826, 0.0, 0.0, 0.0, 0.0, -0.003993593837591032, 0.0, -0.012700908167886415, 0.0, 0.0015056053746449584, 0.0, 0.0, -0.015265662737350638, -0.0077775411628988045, 0.0033327263340935734, 0.0, -0.004888682730086679, 0.0, -0.0018863913529940657, -0.0037459901001476777, -0.011602111614243309, 0.0, 0.0, 0.0, -0.013467430623829723, 0.004618903663020668, 0.0006038408728415462, 0.0, 0.0, -0.009163792018484676, 0.0, 0.0, -0.020941120892371826, 0.0, -0.014842814165313559, 0.0, -0.011761838871042667, 0.0, 0.00039748774909450244, 0.0003265177661290879, -0.01610948230799599, 0.002382701561155378, 0.0006691681864638507, 0.0, 0.0, 0.0, 0.0017779174241899388, 0.0, 0.025155533000193825, 0.002169788879290282, -0.009523766881550995, 0.0, -0.004589675184642045, 0.004000805434931719]
["F09G8.5", "ABara", 0.5834611523373845, -0.0035479979916467003, 0.004439480567739149, 0.0015782933159912689, 0.07820725948014226, 0.004692520113692254, 0.0, 0.0, 0.03997551688830406, 0.0021401175828448253, 0.037880895853230005, 0.0034933838488242705, 0.0, 0.0018846541048722523, 0.0, 0.07820725948014226, 0.0, 0.0, 0.0, 0.0020904543654270288, -0.0045580511295182135, 0.0, -0.03232962127417681, 0.0, 0.0, 0.05075626646201175, 0.008507058053257495, 0.04412727362197025, 0.0004213260355704218, 0.0, 0.0, 0.0, 0.05153679711930493, 0.04210338189117811, 0.0, -0.006303218553098492, 0.0, 0.0021419169240861876, 0.0, 0.07820725948014226, 0.0, -0.006652467856027812, 0.0, -0.004799826382027517, 0.07366331546871088, -0.01077502642344959, 0.0, 0.0, -0.007698344252780843, -0.005322633449217545, 0.004766987433374277, -0.004763337113630015, 0.0017900805586677116, 0.0, 0.0, 0.005882873354328255, 0.0, 0.002565884698391614, 0.0023038753194261005, 0.0024281782049185834, 0.0, 0.0, 0.0, 0.0, 0.0, -0.0057066325040480235, 0.005630908736495891, 0.0011189687973598718, 0.0, 0.0, 0.0009620548307360841, 0.0, -0.0038734403323959716, 0.003079254557688399, 0.0, -0.0027021640820384116, 0.0, 0.0, 0.0, 0.0, 0.0054856919943082364, 0.0, 0.0, 0.0, 0.0, 0.001671626347382258, -0.0071193071645333835, 0.0, 0.0, 0.0, -0.006441296731273364, 0.0, 0.002286705878404287, 0.0, 0.0014195087439568639, 0.0, -0.0026023380706473717, 0.0027877406840420356, 0.00318086073266981, 0.0017347638763735265, -0.006316521939114562, 0.0021288067832988334, 2.22454505259073e-05, 0.0007336644929501722, 0.0, 0.004871749909911366, 0.0, -0.0032494626501489775, 0.0, 0.004774614678326995, 0.0, 0.0, 0.0024066004629995537, 0.0, 0.0, 0.0018352243241873546, 0.0, 0.0, 0.0, -0.023287378992025785, 0.0, -0.0010136952890274652, 0.0, 0.0, -0.008214761225883993, 0.0, 0.0, 0.0, 0.0, 0.0024863594545697673, -0.014660712539763223, 0.0, 0.008114616545214523, 0.0, -0.003540874491048211, 0.0, 0.002862222310687762, 6.145588140066778e-05, 0.003908066118040807, 0.0, 0.0, 0.0001402408156185703, 0.0, 0.0025845356912988417, 0.002042303360567437, 0.0025215527091422157, 0.002948645577676217, 0.0, 0.0030633483715477227, 0.0, -0.0006133234452294726, 0.0035803054667347006, 0.0, 0.0, 0.0, 0.0, 0.004852895242031586, 0.0499580429188611, -0.006172667874094001, 0.0, 0.0013798053508354503, -0.03232962127417681, 0.0, 0.0009551912629448755, -0.005145223522609748, -0.0061881407658409444, 0.0, -0.005328736096677748, 0.0012148432822597915, 0.0, 0.0, 0.0, 0.004553691770803126, 0.0066622737038807235, 0.0, 0.0020607016793408655, 0.0, 0.0, -0.004291054036074589, -0.015761586090553663, 0.002176101908956277, 0.0, 0.04030036437069876, 0.0, 0.0023603035189394637, 0.0013804379214737796, 0.0, -0.0008826236998783121, 0.002339837779232139, 0.0, 0.0, 0.0, 0.004515385432726089, 0.0, -0.003888809975271886, 0.00239208635696091, -0.003752676378757148, 0.0, 0.0, 0.0, 0.0, 0.0012285961394812063, 0.0, 0.0, 0.0026877493156989255, -0.010384403867906901, -0.000997755916652551, 0.001939164731732612, 0.0005921918033030954, -0.003102527478480027, 0.0007108656436044802, 0.004968766757313925, 0.0, -0.004076768488463908, 0.0, -0.005725434813691871, 0.0025093092129901493, 0.0, 0.0, 0.0, 0.0023919753584224586, 0.0, 0.0, 0.0, 0.0, 0.003563689211791066, 0.0, 0.0, 0.0, -0.004162170010456767, -0.004004609913902471, 0.010784015225825101, -0.013868584235409579, 0.0029975624160305707, 0.0, -0.0008646645537444748, 0.0, 0.004269870038866881, 0.0, -0.0036659901987140613, 0.0023411286383120183, -0.0016846023953668162, 0.0, 0.004805984967874161, -0.0045106599664882716]
["F09G8.5", "ABar", 0.5834611523373845, -0.0022269654290685073, 0.0037687253276864653, 0.002487398660199325, 0.08235472677602483, 0.004692520113692254, 0.0, 0.0, 0.04303991233248828, 0.0021401175828448253, 0.045022452605889676, 0.0034933838488242705, 0.0, 0.0018846541048722523, 0.0, 0.08235472677602483, 0.0, 0.0, 0.0, 0.0017081176831121128, -0.009261924124890122, 0.0, -0.03232962127417681, 0.0, 0.0, 0.04888635192540407, 0.008507058053257495, 0.051049798365282194, 0.0004213260355704218, 0.0, 0.0, 0.0, 0.05146403833482724, 0.04224249743793918, 0.0, -0.006303218553098492, 0.0, 0.0021419169240861876, 0.0, 0.06924267319884371, 0.0, -0.006652467856027812, 0.0, -0.004799826382027517, 0.13514472070506298, -0.009503400953146814, 0.0, 0.0, -0.007698344252780843, -0.005347148675497536, 0.003027397170435834, -0.004763337113630015, 0.001522045330926156, 0.0, 0.0, 0.005882873354328255, 0.0, 0.002565884698391614, 0.0023038753194261005, 0.0014393361995975104, 0.0, 0.0, 0.0, 0.0, 0.0, -0.0057066325040480235, 0.005630908736495891, 0.012670587537202349, 0.0, 0.0, 0.0009620548307360841, 0.0, -0.0038734403323959716, 0.003079254557688399, 0.0, -0.0027021640820384116, 0.0, 0.0, 0.0, 0.0, 0.0054856919943082364, 0.0, 0.0, 0.0, 0.0, 0.002457751151442954, -0.0071193071645333835, 0.0, 0.0, 0.0, -0.00824866700340431, 0.0, 0.002286705878404287, 0.0, 0.0014195087439568639, 0.0, -0.008432886630702525, 0.0027877406840420356, 0.0021558715942464396, 0.0011037007428847713, -0.006094021847946624, 0.0021288067832988334, 2.22454505259073e-05, 0.0007336644929501722, 0.0, 0.004871749909911366, 0.0, -0.0032494626501489775, 0.0, 0.015024525112033012, 0.0, 0.0, 0.0024066004629995537, 0.0, 0.0, 0.0018352243241873546, 0.0, 0.0, 0.0, -0.013520645909196428, 0.0, -0.0010136952890274652, 0.0, 0.0, -0.012712091122987004, 0.0, 0.0, 0.0, 0.0, 0.0019938335169586464, -0.008831316842134104, 0.0, 0.008114616545214523, 0.0, -0.003540874491048211, 0.0, 0.002862222310687762, 6.145588140066778e-05, 0.003908066118040807, 0.0, 0.0, 0.0009063157209402393, 0.0, 0.002007197648101842, 0.002042303360567437, 0.0025215527091422157, 0.016364914828864922, 0.0, 0.0030633483715477227, 0.0, -0.0006133234452294726, 0.0035803054667347006, 0.0, 0.0, 0.0, 0.0, 0.0028377947870667016, 0.026313537908901397, -0.006172667874094001, 0.0, 0.001430553372309636, -0.03232962127417681, 0.0, 0.0009551912629448755, -0.006034490055766869, -0.006276731748770852, 0.0, -0.0056642997600115175, 0.0012148432822597915, 0.0, 0.0, 0.0, 0.0030529301609507073, 0.0066622737038807235, 0.0, 0.0020607016793408655, 0.0, 0.0, -0.004421585960420995, -0.015761586090553663, 0.002612480699590078, 0.0, 0.04030036437069876, 0.0, 0.0023603035189394637, 0.0013804379214737796, 0.0, -0.0008826236998783121, 0.002339837779232139, 0.0, 0.0, 0.0, 0.004515385432726089, 0.0, -0.003888809975271886, 0.00239208635696091, -0.00387313510817409, 0.0, 0.0, 0.0, 0.0, 0.0012285961394812063, 0.0, 0.0, 0.0026877493156989255, -0.010384403867906901, -0.000997755916652551, 0.001939164731732612, 0.0005921918033030954, -0.0024944594157370464, 0.0007108656436044802, 0.004968766757313925, 0.0, -0.004076768488463908, 0.0, -0.009596432718760798, 0.0035641064380054085, 0.0, 0.0, 0.0, 0.0023919753584224586, 0.0, 0.0, 0.0, 0.0, 0.003563689211791066, 0.0, 0.0, 0.0, -0.004162170010456767, -0.004004609913902471, 0.010784015225825101, -0.013868584235409579, 0.0018333653012472108, 0.0, -0.0008646645537444748, 0.0, 0.00302389373152841, 0.0, -0.0036659901987140613, 0.00225545875880115, -0.0056041846384589054, 0.0, 0.004805984967874161, -0.0045106599664882716]
