["ZC443.4", "ABarpp-", 0.5880708480120699, -0.18738993940954676, -0.2029247418486976, -0.19611617742970697, -0.20465834438800812, -0.1747799133054748, -0.19843763598827202, -0.1829324654003093, -0.19401521943233385, -0.19055131261949337, -0.19237513780836482, 0.0012684059185999322, 0.0, 0.0016759384377655687, -0.003234558469845083, -0.20465834438800812, -0.19634497371032747, 0.0, 0.0, 0.010541372300260667, -0.19231374764859688, -0.0006906888193197342, -0.001244802495486529, 0.006243833261104344, -0.002567974724202629, -0.19957790367287065, -3.715376937457787e-05, -0.19932128366374516, -0.19247737976835186, -0.20465834438800812, -0.1950827106139705, -0.19306118311046785, -0.18123291860225743, -0.19322680666880998, -0.20465834438800812, -0.19286432104996099, -0.19436338213776952, -0.20465834438800812, -0.20465834438800812, 0.0012550582781383711, -0.20465834438800812, -0.1974844977350005, -0.19682598673392893, -0.002491920579481504, -0.19875416218437655, -0.0030813955900247303, -0.20465834438800812, -0.190597546660971, 0.0010951328277102536, -0.0076389561922837615, -0.0016027110494522701, 0.006686946387032102, -0.19505627920030247, -0.19352296583577547, 0.0, -0.00263646235586235, -0.20465834438800812, -0.0015329673558224304, -0.19938047262991035, -0.0038605881260124096, 0.002227227825585667, 0.0, 0.0, 0.0, 0.00335015547462569, 0.003012710188846018, 0.0037914109467135394, -0.003408851428578808, 0.0, 0.0002455421280175722, 0.00283298211062716, 0.0, 0.00037943875306745346, 0.0030493420388023667, -0.0030088395935503674, -0.0036623011413521728, 0.0, -0.007096923343183345, 0.0, 0.0, -0.0002057279963426523, -0.001451878211735187, 0.00040187777217911224, -0.0030611359065291443, -0.002117060125099903, -1.7610072629494476e-05, 0.006428556679966302, -0.0010540531167081645, 0.0, 0.006179155942146606, 0.0025579695893527404, -0.0004740708390322931, -0.002315955750876392, 0.0, 2.6537525223607194e-05, -0.0019644612914901625, 0.007979827358274636, -0.0027753324636286417, -0.0006614281810791804, -0.0012911318970620143, -0.0013375360348618806, 0.004544678300784354, 0.0, 0.002112559030696544, 0.0, 0.0037375319537455015, -0.001813570639304406, -0.002715531154188454, 0.0, -0.0010854484956486611, 0.0, 0.0, 0.002438204278492916, -0.0032037622146530807, 0.0, 0.0020874968398803396, -0.0032293426227506658, 0.0, -0.002361166577425163, 0.002593594791026583, 0.0, -0.0004360107177541714, 0.003636466383324921, 0.0, 0.00464822461978731, 0.005053002650583308, -0.003011216698685767, 0.0, 0.0, -0.0035299330840014654, 0.009974302465351676, 0.0, 0.0006275495854339418, 0.0, -0.002335795924343152, -0.003011216698685767, -0.005286857022445522, 0.0, 0.0012543096819520702, 0.0, -0.0025927763948308423, 0.002613050531946534, -0.002226569653303683, -3.552402634948994e-05, -0.005196255755631521, -0.004865986380172551, -0.0030812737907779763, 0.0005020609616853401, -0.0010520930534806306, -0.003520781422775908, 0.0076265223080753414, -0.004711924197698478, 0.0, 0.0, 0.0, 0.0, 0.0057285968682899095, -0.00034776011696219434, -0.0016814664492556457, 0.0, -0.005196346179521135, 0.0, 0.00756878223718721, 0.01621357805164302, -0.18161858319796997, -0.006215563583469825, 0.0, -0.001505310021495819, 0.008773793693055245, 0.00511570298457559, 0.0, 0.0, 0.007101659397654368, 0.014460527176615817, 0.0008380656355288835, 0.0018960327083617035, 0.0, 0.0, -0.0010673995231100372, -0.001132468678940769, -0.0021142056954640913, 0.0, 0.009356679576420685, -0.000948352667141703, -0.007643290892524236, 0.0, -0.005725865471959676, 0.0, -0.011198076412373238, 0.0, -0.0022351655516332173, 0.012700022070344728, 0.0006554335965176328, 0.0, -0.002315955750876392, 0.0, -0.0036676375536327417, -0.0023925318150682844, -0.004635679687768296, 0.0011437683004238374, 0.0, 0.0005481793741987085, 0.0, 0.013320793397515063, 0.008108650204288591, -0.001358978278196089, -0.005799154376926498, 0.0034905698377148834, -0.0039896219611021315, -0.0008304859028565464, -0.005997137480500153, 0.010539219403758394, -0.0015097351456255736, -0.0023845940890207347, 0.0, -0.0009555285774621602, -0.0008824374420150261, 0.0, 0.0, -0.196634905800786, -0.0021794470606279846, 0.0006231401489831831, -0.0033939306254849953, -0.0030302950564226367, 0.0, -0.0004897848332125022, 0.00803538068918215, -0.0012856736855326042, -0.20465834438800812, -0.0008338056715001844, -0.19796435957413916, 0.0021519813255123244, -0.006693878698859295, -0.0026076959639201305, 0.008023438583093888, 0.0, 0.0, -0.001813405479202616, 0.0, -0.008878140252398088, 0.013939871351994815, -0.008079054664715686, -0.0010307581557940228, -0.0037516583316931735, 0.0029649463456261167]
["ZC443.4", "ABarap-", 0.5880708480120699, -0.19359969507461497, -0.19308703602431163, -0.1850583093219063, -0.20465834438800812, -0.19632515539483864, -0.19661717516296032, -0.1786022902505699, -0.18802775552939993, -0.19449390117977466, -0.18501313233881608, 0.0028945770891323722, 0.0, 0.01148153165737428, 0.0010562336863840015, -0.20465834438800812, -0.20465834438800812, 0.0, 0.0, 0.006368460127863752, -0.19414546967079152, 0.0, 0.0, 0.0, -0.0025592004462167244, -0.193367370504395, 0.0038434479735202365, -0.1950881832791194, -0.1941844084708196, -0.20465834438800812, -0.20465834438800812, -0.1955383071555004, -0.18993683816848173, -0.19453956042361317, -0.20465834438800812, -0.18454209060664511, -0.18695822954832353, -0.18415907068555507, -0.20465834438800812, 0.0, -0.19790753202543143, -0.18775995646397273, -0.20465834438800812, 0.002672848139258853, -0.20465834438800812, 0.0023221407006462766, -0.19633756160587593, -0.20465834438800812, 0.007659421928612698, 0.0013102065526136733, 0.0022457743914693394, -0.00016324398499620432, -0.197349287233439, -0.19531269192253564, 0.0, 0.0040602141921684005, -0.1959546886890846, 0.0, -0.19523332294532048, 0.0024294093765834, 0.0006899534427038132, 0.0, 0.0, 0.004844785267229947, -0.0007129758978857801, 0.011563827332277711, 0.006846953622911243, 0.011470283680057715, 0.0, 0.0, 0.0, 0.0, -0.002077745175917239, 0.0010374831807105742, 0.0, 0.003315852432708425, 0.009047583640728989, 0.003119588261988754, 0.0, 0.0, 0.016103773280772855, 0.0, 0.0, -0.003181277366565388, 0.0, 0.0023165850159240398, 0.012787457622070935, -0.00042536556636801686, 0.0, 0.005953253749951456, 0.0035612801658460973, -0.0015262712381278322, 0.0, -0.0010194271589526278, -0.0023409382692861514, 0.0, 0.008293807586798835, 0.00855955863309771, 0.006108050074978591, 0.011340460356064268, 0.005774752826466424, 0.0028330230033598563, 0.0, 0.0, 0.0, 0.0062103535515691515, 0.0, 0.0019347353142905308, 0.0, 0.015497234088009104, 0.0, 0.0, 0.00616313225168693, 0.0, 0.0, 0.00030003469835106536, 0.0006838527465729091, 0.0, 0.0, 0.004475608467114271, 0.0, -0.002943346346574175, 0.0005225712929274294, 0.0, 0.008247892758994626, 0.0, 0.013704938418869534, 0.0, 0.0, 0.0061369671734583684, 0.002014290075442226, 0.0, 0.0205781533590927, 0.0, -0.001700741342456369, 0.0, 0.0005637558814512351, 0.002767988925086077, 0.012665646760337624, 0.0, 0.0, -0.00185051218553946, 0.002080609122919868, 0.0031630367948285577, 0.0042062205515284315, 0.004281653714573301, -0.0019112706121049254, -0.0005635799699172307, -0.0024759113425878907, 0.0, 0.0, 0.002290642912318955, 0.0, 0.0, 0.0, 0.0, -0.003914828814538899, 0.013971994703185817, -0.0004780211067840913, 0.0, 0.005047405718070058, 0.0, 0.0, 0.002145625045441653, -0.1898539132284937, 0.001147366389969439, 0.0, 0.001707956911440323, 0.018651696842488734, 0.0, 0.0, 0.0019920715627775062, 0.00684934976279775, 3.950901652282363e-05, 0.0, 0.011196348841095036, 0.0, 0.0, 0.009466560317562494, 0.00830939978173143, 0.010397136517923468, 0.0, 0.0024556467229017984, -0.0016125353365801743, 0.00020115463385226624, 0.0, 0.0011171704925934276, 0.0, 0.012373206248272293, 0.0, 0.0, 0.006640316806535206, 0.00784839085788612, 0.0, -0.0008402932682422097, 0.005809212390060121, 0.00418110301431507, 0.0, 0.0, 0.0, 0.0, 0.004433835506274545, 0.0, 0.0, 0.0073660412211609474, 0.002516570309568229, -0.0004854658206519365, 0.009121664502720738, 0.0, 0.0030358495070333183, -0.0023409382692861514, 0.006224946502582857, -0.0032098026281901755, 0.0, 0.0, 0.018129974086992153, -0.0041286357260418936, 0.0, 0.0, -0.20465834438800812, 0.00021961694609981975, 0.0, 0.0, 0.002112616845165217, 0.0, 0.009904306889913145, 0.0022011833125419157, 0.0, -0.20465834438800812, -0.0011574801045854048, -0.1913686003547239, 0.013710759204906645, 0.009552902854407661, 0.003962273088993646, -0.003088570266284829, 0.0, 0.0, -0.005542131779641052, 0.0, 0.003171602551862533, 0.0020206414193160768, 0.008508564211063798, -0.0007055625593762614, 0.004192343587268011, 0.0009138604941165889]
["ZC443.4", "ABarpapa-", 0.5880708480120699, -0.18679781355376782, -0.19119812017672402, -0.19477373771143058, -0.20465834438800812, -0.18638452511207249, -0.20465834438800812, -0.19090733126552298, -0.19325864799691, -0.18896898798818504, -0.1908096238883, 0.0022820879067211378, 0.0, 0.0036134113187242176, -0.0023420799363815113, -0.20465834438800812, -0.20465834438800812, 0.0, 0.0, 0.0025606419371504998, -0.19334699519194687, 0.0, -0.00016686023036059823, 0.0, -0.0027112133756303234, -0.19433787523180768, 0.008312807506142855, -0.20465834438800812, -0.1941891122709929, -0.20465834438800812, -0.20465834438800812, -0.19305057550474297, -0.17858459381134875, -0.1916782062244959, -0.20465834438800812, -0.18658122941684813, -0.17858459381134875, -0.19266264696471072, -0.20465834438800812, 0.0, -0.17858459381134875, -0.19139236312278118, -0.20465834438800812, 0.005047042788451002, -0.20465834438800812, 0.003943104307367162, -0.20465834438800812, -0.20465834438800812, 0.01750532722828375, 0.010279685561484762, 0.0008662713283698575, 0.0003861443881349536, -0.1937386423867299, -0.19334410815288858, 0.0, 0.002732255143722844, -0.20465834438800812, 0.002056762101292532, -0.19418191820486605, 0.008481614580173925, -0.0015462162891176478, 0.009972148334788801, 0.0, 0.002105005737185313, 0.0, 0.0028859411770204967, -0.002129366394871121, 0.00794598471912039, 0.0, 0.00019083486642217578, 0.0, 0.0, 0.00869406143115091, -0.0010807677875273231, 0.0, 0.006468754010071111, 0.005123857514894196, -0.000576347876508951, 0.0, 0.0, 0.013237495655462266, 0.008401750122695948, 0.0, -0.0008531515987241231, -0.00015418644984402973, 0.004587372067150112, 0.0009455126911225702, 0.000752323456492167, 0.0, -0.0006934251518927016, 0.0071169923064148795, -0.002537743749279342, -0.0014041131344716936, 0.004189982169811184, 0.0004527491609016574, 0.001027005657563369, 0.013487454624298215, -0.0009614665816150322, 0.009197948671323014, 0.013493818308782272, 0.005680922214899018, -0.0032607429378707026, 0.0, -0.000497710573766448, 0.0, 0.018137492303010927, 0.0013187289487947775, 0.0008670971288899662, 0.0, 0.016003562062982216, 0.0, 0.0, 0.011833107902234763, 0.003814866131484184, 0.0, 0.0, -0.003958659311748869, 0.0, 0.0, -0.0010597355368696206, 0.0, 0.0017137140678138013, -0.0015127270622067217, 0.0, 0.018131667459682737, 0.0, 0.0, 0.0, 0.0, 0.0013529341624565418, 0.0023210221256018426, 0.0007920868229305078, 0.004697448109689114, 0.0, 0.005793963734886207, 0.0, 0.006712064803196796, 0.0, 0.00011893951035151876, 0.0, -0.0029415815847450852, 0.0, 0.0025569666432520436, 0.0023966819654010485, 0.0, 0.0034272014589563594, 0.007103796606478068, 0.005156483750750777, 0.001595741191960178, 0.010825887071773663, 0.0014429193837799744, -0.0019582858591475063, 0.004713303292975595, 0.0, 0.0, 0.0, 0.007960072672456573, 0.0114330007070743, 0.005377317100152386, 0.0, 0.00476847677252488, 0.0, 0.0017721676573297352, -0.0006470317655239677, -0.1941498382145153, 0.0023616183418159924, 0.0, -0.0004930793968057907, 0.011545339459865564, 0.0, 0.0, 0.0, 0.00797028015801228, 0.0015150377144200118, -0.0009068100852419116, 0.00961953036410686, 0.0, 0.0, 0.01307528722598454, 0.011600302305448357, 0.008022631817341721, 0.0, 0.010976573784144784, 0.007213908960616621, 0.0, 0.0, 0.005302010317487411, 0.0, 0.003454981826591926, 0.0, 0.0, 0.012970427030539959, 0.011864485125375936, 0.0, 0.0, 0.0, 0.004985300805644911, 0.0, 0.002160872466554965, 0.0, 0.0, 0.0, 0.0, 0.0004618863685112435, 0.01657954983310808, -0.00320563925829595, 0.0006596910924231408, -0.005176661648780971, 0.0025569666432520436, 0.013512240607249659, 0.012231979304237185, -0.0018071602469153377, -0.0018249474651213218, 0.0, 0.0016299620933016977, 0.0015398356829095323, 0.02568905048922864, -0.00041280741479181825, 0.0, -0.20465834438800812, 0.011357120360823775, -0.0009665474099034637, 0.0, 0.0, 0.0019266373643400739, 0.00411526957465274, 0.0028267608493108397, 0.011393077116759534, -0.20465834438800812, -0.0026518447957772544, -0.18941324612849753, 0.008422925675475156, 0.011326817117812533, 0.003527547340441844, 0.0, 0.0004527491609016574, 0.0, -0.0003666444073641511, 0.0, 0.005088322737109965, 0.00396006361208011, 0.00956266773789086, -0.0010811728439407986, -0.0018809070865019482, -0.0017058427946876906]
["ZC443.4", "ABaraapp-", 0.5880708480120699, -0.19045940611462137, -0.1921566843872295, -0.1972686526768824, -0.20465834438800812, -0.18702270821885636, -0.20465834438800812, -0.1953661732634863, -0.1872296043215106, -0.1829905208139981, -0.19547689425880582, 0.013195491081625797, 0.0, 0.005625414357857342, 0.0, -0.20465834438800812, -0.19683314819063563, 0.0, 0.0, -0.0024364411058189193, -0.19428545994279908, 0.0, 0.0, 0.0, -9.942137377836194e-05, -0.18589375460936405, -0.001254057800159848, -0.19499358503658726, -0.20465834438800812, -0.20465834438800812, -0.20465834438800812, -0.18393920520459578, -0.20465834438800812, -0.18990237278968525, -0.20465834438800812, -0.17378235107771597, -0.19705116800324482, -0.19322671166379568, -0.20465834438800812, 0.0, -0.20465834438800812, -0.1816364375793516, -0.20465834438800812, 0.0, -0.1956001878593257, 0.004664474631892049, -0.18649024160449665, -0.20465834438800812, 0.010550140931788242, 0.010477936234545446, 0.024478175765420922, 0.0, -0.19224520343649237, -0.20465834438800812, 0.0, 0.008135418987399242, -0.18767029539249508, 0.0007144223249954617, -0.19024490013799406, 0.010621137340315534, 0.0070284667317709, -0.00013433182276045011, 0.0, 0.0, -0.0021513243872929282, 0.012207119464026028, 0.002794904712497605, 0.012572240239933682, 0.0, 0.0, 0.014978535858493182, 0.0056421002778895115, 0.0096809118854151, 0.000203943844649123, 0.0, 0.015329482838308189, 0.012837155089402391, 0.003813399080438662, 0.004397783390206764, 0.0, 0.03424469815814006, 0.0140416195895324, 0.0, 0.0, 0.0, -2.2350370828990427e-06, 0.011964213372203426, 0.0, 0.0, 0.00572195733100387, 0.010185357001494182, 0.0, 0.0010957220790022845, 0.0, 0.0, -0.0033137287984904085, 0.007725081214640878, 0.0, -0.0008111378626309942, 0.027611151681671144, 0.0, -0.0025269069986818887, 0.0, 0.0, 0.0, 0.009811214646922672, 0.0, 0.029572659481254124, 0.0, 0.009713084767763013, 0.0, 0.0, 0.013822588547620036, 0.0, 0.0, 0.0, 0.0, 0.0, 0.0, 0.009394763668695318, 0.0, -0.002788943092409568, 0.0, 0.0, 0.008554853598874559, 0.0, 0.0, 0.0, 0.0, 0.005689952955829152, 0.009515399374972925, 0.0, 0.005925273144676283, 0.0, 0.003944237336029564, 0.0, 0.0106923484401004, 0.0, -0.0007005143405073669, 0.0, 0.0031779501935587495, 0.0, 0.0, 0.01211077214738596, 0.0035357707917777455, 0.006264946063169269, 0.004601567011005813, 0.011942383704433884, 0.006643495030961821, 0.0, 0.014249210886180027, 0.006056223682138385, -0.00013433182276045011, 0.0, 0.0, 0.0, -0.00020352345567806155, -0.0009398471927018731, 0.0034480190183589247, 0.0, 0.01308733667770159, 0.0, 0.0, 0.0, -0.19116375597325033, 0.022313246209330125, 0.0, -0.002222390595818436, 0.022820431360163665, 6.75714072637096e-05, 0.0, 0.0, 0.025454420371862123, -0.0024158341803786603, -0.0021513243872929282, 0.009632203789517705, 0.0, 0.0, 0.024486649154286146, -0.00014678509682888784, 0.004536022998812098, 0.0, 0.0032639442544028304, 0.00594374903159167, 0.002682532471337263, 0.0, 0.00648197897235313, 0.0013232057171260905, 0.004989697901490399, 0.0, 0.0, 0.00803025737898928, 0.0, 0.0, 0.005335216287232557, 0.0010957220790022845, 0.017411366179045373, -0.0007108605470497871, 0.0, 0.0, 0.0, 0.0, 0.0, -0.001738671381176986, 0.0, 0.009835468314130536, -0.00336402168738833, -0.0031143653655802974, 0.0, 0.016294977770965266, 0.0, 0.009241950143827386, 0.0, 0.0, -0.0022535399081139744, 0.0039956847564628735, 0.005606463969670241, -0.0022535399081139744, 0.0, -0.20465834438800812, 0.005054980514500098, 0.018764589769005163, 0.0, 0.0, 0.0, 0.02035591165206877, 0.0, 0.004397783390206764, -0.20465834438800812, 0.003993124690536313, -0.18659265983114026, 0.01242566243000004, 0.000720832717400573, -0.002921506451153835, 0.0, 0.0, 0.0, 0.0017287418614686735, 0.0, 0.0074584551917910805, 0.008908946024965642, 0.017991206912509165, 0.011890230693574174, -0.002411589904029124, 0.0018018090259235742]
["ZC443.4", "ABarpapp-", 0.5880708480120699, -0.1791933052907991, -0.19640032981329256, -0.19349696610406222, -0.20465834438800812, -0.18358326359420718, -0.20465834438800812, -0.1828390102453602, -0.20465834438800812, -0.1804254567433431, -0.20465834438800812, 0.0, 0.0, 0.0, 0.0, -0.20465834438800812, -0.20465834438800812, 0.0, 0.0, 0.0011782763298592552, -0.19202199492614483, 0.0, 0.0038207819225440465, 0.0, 0.0, -0.20465834438800812, 0.004248287689702706, -0.20465834438800812, -0.20465834438800812, -0.20465834438800812, -0.20465834438800812, -0.18341199110405954, -0.18981549952625032, -0.18579114338075223, -0.20465834438800812, -0.18954221051881057, -0.20465834438800812, -0.20465834438800812, -0.20465834438800812, 0.0, -0.20465834438800812, -0.19335934289600437, -0.20465834438800812, 0.0, -0.20465834438800812, 0.0021029356738325555, -0.20465834438800812, -0.20465834438800812, -0.0007015164076787, 0.003212240353384228, 0.0008758562430531498, 0.007445150557055608, -0.1985190284896783, -0.20465834438800812, 0.0, 0.0038967784215803696, -0.20465834438800812, 0.021075080782995064, -0.20465834438800812, -0.0021514308540080363, -0.004088956968252862, 0.0, 0.0, 0.0, 0.0, 0.0, 0.012867857387255762, 0.020438456554282974, 0.0, 0.0, 0.0, 0.0, 0.026127812685751598, 0.0, 0.0, 0.0366215032239839, 0.0, 0.006808093953865099, 0.0, 0.0, 0.025484206090213325, 0.02115235520198274, 0.0017544449477643444, 0.0028839955674121796, 0.0, -0.0008043227689163424, 0.0, 0.0028839955674121796, 0.0, 0.0, 0.030755003820818173, 0.0, 0.0, 0.0, 0.0, 0.0, 0.01705947193694591, 0.0, -0.0030466291533667866, 0.0025124108106460243, 0.017391514188816137, 0.0, 0.0, 0.0, 0.0, 0.020558556242635185, 0.0, 0.04597685324949572, 0.0, 0.0025287928495916125, 0.0, 0.0, 0.013064697065840125, 0.0, 0.0, 0.00243045286030752, -0.0016595555198883126, 0.0, 0.0, 0.00023298238727455353, 0.0, 0.0, 0.0, 0.0, 0.02541326027817077, -0.0014736631158868683, 0.0038207819225440465, 0.0, 0.0, 0.00626943410674643, 0.015443762433198144, 0.0, 0.003449062502083043, 0.0, -0.0021514308540080363, 0.0, 0.01362203920781681, 0.0, 1.6870638725997866e-05, 0.0, 0.00039763648779570534, 0.0028025212806116733, 0.0, 0.003643247278450886, 0.0, 0.012705301529461073, 0.008874200904817928, 0.007227152247431208, 0.0, 0.0, 0.0013404066760533992, 0.0071552998971041015, 0.0, 0.0, 0.0, 0.0, 0.00467371019159493, 0.00039763648779570534, -0.0021514308540080363, 0.0, -0.003262487786049553, 0.0, 0.0, 0.0, -0.1907171952953188, 0.007684186577424619, 0.0, 0.0034887400257830946, 0.016389184869174678, 0.010899676917126927, 0.0, 0.0, 0.00378655943203157, 0.008487775727629963, 0.0, 0.03147332440125577, 0.0, 0.0, 0.021655218685756684, 0.0, -0.0020624811882050155, 0.0, 0.0, 0.0, 0.004939167042915566, 0.0, 0.0, 0.0, 0.0077518551027267275, 0.0, 0.0, 0.00039763648779570534, 0.0, 0.0, 0.0, 0.0, 0.005247598467290039, 0.0, 0.005148438847805682, 0.0, 0.00027592680138816754, 0.0, 0.0, 0.0038892464621621712, 0.0038892464621621712, 0.004294973850610866, 0.0, -0.00014971620695537757, 0.0, 0.016381500969213186, 0.019585783514113095, 0.011305406773696831, 0.0, 0.0, 0.0, 0.009665474267879798, -0.00036423540302984634, -0.0021514308540080363, 0.0, -0.20465834438800812, 0.023863793496521554, 0.0, 0.0, 0.021075080782995064, 0.0, 0.0036621428441293838, 0.0, 0.008511253294224252, -0.20465834438800812, 0.003834070514491678, -0.16713185058450097, 0.003306026725146403, 0.013542135784241592, -0.00031341936065395625, 0.0, 0.0, 0.0, 0.0010062667052987797, 0.0, 0.0009568079002184183, -0.0006388441019525158, 0.021650418122668713, 0.0, 0.0030136091363904645, -0.000469240134654102]
["ZC443.4", "ABaraapaa-", 0.5880708480120699, -0.1914255017607038, -0.1842375109290628, -0.19076247362242524, -0.20465834438800812, -0.18506962939862767, -0.20465834438800812, -0.20465834438800812, -0.19779752243574006, -0.19475435829583737, -0.20465834438800812, 0.0038181529356001893, 0.0, 0.0016056340450329117, 0.0, -0.20465834438800812, -0.20465834438800812, 0.0, 0.0, 0.0010879384065084151, -0.17693488937195456, 0.0, 0.007027054148124708, 0.0, 0.0, -0.20465834438800812, 0.007071018430078192, -0.19611502994742924, -0.19676148197940718, -0.20465834438800812, -0.20465834438800812, -0.20465834438800812, -0.1687708254324922, -0.1876028412033209, -0.20465834438800812, -0.17672446744782427, -0.20465834438800812, -0.19490203158884464, -0.20465834438800812, 0.0, -0.20465834438800812, -0.17249278370414645, -0.20465834438800812, 0.003263188253868181, -0.20465834438800812, 0.01451053980031208, -0.20465834438800812, -0.20465834438800812, 0.01940013999994364, -0.0020126074542162246, 0.011087251418553934, 0.014636478430501174, -0.19574432951567125, -0.20465834438800812, 0.0, 0.015926332407641845, -0.20465834438800812, -0.0017191966054732723, -0.19282377559895633, 0.0056772477999518945, 0.0, 0.0, 0.0, 0.0, 0.0, 0.005129998748647788, 0.004829455350432702, 0.018544797080097205, 0.0, 0.0, -0.0008929826521398018, 0.0, 0.0036290341787954088, -0.0005343618135893622, 0.0, 0.01327201232330929, 0.0, 0.0, 0.0, 0.0, 0.016549685658720337, 0.0, 0.0, 0.0, 0.0, 0.002762865614893208, 0.007528684493238293, 0.0, 0.0, 0.0, 0.0014699070842091539, 0.0, 0.0001865555125205841, 0.0, -0.0009724337698940417, 0.0, 0.024481802930955858, -0.002715045546322293, 0.0021612144171437664, 0.006306840468146477, 0.0022903667044077026, -0.002715045546322293, -0.001826254292332647, -0.002572020352118141, 0.0, 0.02102844626625576, 0.0, 0.016295894519200223, 0.0, 0.013633345354714508, 0.0, 0.0, 0.0003487928492263318, 0.0, 0.0, 0.0033121722025675577, 0.0, 0.0, 0.0, 0.03497319856401055, 0.0, 0.00804815158773696, 0.0, 0.0, -0.00043631001772879833, 0.0, 0.0, 0.0, 0.0, 0.006949229595059265, 0.014636478430501174, 0.0, 0.0009389025849253132, 0.0, 0.00946607487847814, 0.0, 0.012136471886609098, 0.007896862404544354, 0.0012893101997423864, 0.0, 0.0, 0.0016657751920499647, 0.0, 0.01032167285847279, 0.002152698191266709, 0.00671595319918295, 0.013172588312677657, 0.0, 0.005456136129627096, 0.0, -0.0016609936637002334, -0.0026246878780063635, 0.0, 0.0, 0.0, 0.0, -0.004101181097409162, -0.0009992813465228186, 0.006843882912846205, 0.0, 0.010225665024300317, 0.007027054148124708, 0.0, 0.0013199739042514787, -0.18366058331836504, 0.01135105984720776, 0.0, 0.010934729434166554, 0.012638811693063676, 0.0, 0.0, 0.0, 0.013248935755836274, 0.016659036552239766, 0.0, 0.011913998566588417, 0.0, 0.0, 0.012859895335103871, -0.0017566939146062683, 0.014091733574930909, 0.0, 0.0017205162970789288, 0.0, 0.009693465979700399, 0.007112104311400567, 0.0, 0.002787523983404155, 0.017458751404967648, 0.0, 0.0, 0.0, 0.008777589197030582, 0.0, -0.0011815104421146155, 0.000495145216470163, 0.006123632397426357, 0.0, 0.0, 0.0, 0.0, 0.007112104311400567, 0.0, 0.0, -0.0008582290799493459, 0.007221602733062937, 0.0030647253576711296, 0.008618126617501057, 0.009756312794151498, 0.008121023095685392, 0.018934983225207307, 0.010453042550855943, 0.0, -0.0015783614982916333, 0.0, 0.009626298394784728, 0.0036033707511718294, 0.0, 0.0, -0.20465834438800812, 0.00465149820434595, 0.0, 0.0, 0.0, 0.0, 0.014338376646038434, 0.0, 0.0, -0.20465834438800812, -0.0004403998854009624, -0.17824494839715804, 0.023366351726298907, 0.01925383205888544, 0.0021481079070359635, 0.0, -0.0018864689414767122, 0.0, 0.0033714140469308916, 0.0, 0.011966174669490312, 0.002199082939209494, 0.01662849358164962, 0.0, 0.0009982306271543902, 0.0205953084890449]
["ZC443.4", "ABaraaa-", 0.5880708480120699, -0.19500720148061915, -0.1958253691286416, -0.18563565891075876, -0.20465834438800812, -0.1926809465849899, -0.197394798238917, -0.18931664287269967, -0.19725217193071884, -0.18929118920008398, -0.18809907943493145, 0.01564791534029575, 0.0, 0.005755943272277186, 0.0006820289362114626, -0.20465834438800812, -0.19520636714411327, 0.0, 0.0, 0.005350613180767954, -0.19221294136429934, -0.0017648918057519328, 0.0, 0.0, 0.0022263140693111203, -0.20465834438800812, -0.00018065999028924674, -0.20465834438800812, -0.20465834438800812, -0.20465834438800812, -0.20465834438800812, -0.19108598994482665, -0.20465834438800812, -0.18486052398775496, -0.20465834438800812, -0.18294525851195778, -0.19557435310128454, -0.19492467666079819, -0.20465834438800812, 0.0, -0.20465834438800812, -0.18548073373715454, -0.20465834438800812, 0.0037133220025008097, -0.20465834438800812, 0.006229533084631793, -0.20465834438800812, -0.19368613631870824, 0.010605254838962994, -0.0013044712542450284, 0.004835368504638567, 0.004593505372698026, -0.19253893015197443, -0.20465834438800812, 0.0, 0.0028262629008876656, -0.20465834438800812, 0.0, -0.19249549854085046, 0.0008184810460542878, 0.0, 0.0, 0.0, -0.0016529882506704356, 0.0, 0.003941192541237194, 0.016346292116873613, 0.010810211502205808, 0.0, 0.0, -0.0009157181479720268, 0.0, 0.01227375226507691, 0.0029608659953153068, 0.0, 0.014753470218237467, -0.0008283693179584475, 0.0074713907266044845, 0.0, 0.0, 0.009802997720999056, -0.002848469428052172, 0.007329085221306301, 0.002010448387383439, 0.0, 0.002497435371420093, 0.0008081034641539258, 0.0019328693770888149, 0.0, 0.013530102916798133, 0.008356818851132049, 0.0, 0.0, 0.0, 0.0005507612980926291, 0.0014350828330526027, 0.012970969573877635, 0.0037141441008222797, -0.0018426818051416368, -0.0017769738668901008, 7.212079876532567e-05, 0.005709924801025997, 0.0, 0.0, 0.0, 0.007666878627977793, 0.0010158241331440336, -0.0005132040614983543, 0.0, 0.0025291730560591122, 0.0, 0.0, 0.007690292920015745, 0.009451977239033613, 0.0, 0.006662706294490872, 0.0010199333906761783, 0.0, 0.0, 0.006061326368410273, 0.0, -0.0021161054760990266, -0.0016941934631212162, 0.0, 0.013482329201093409, 0.0, 0.0, 0.0, 0.0, 0.0028923445201766455, 0.0069134221428128004, 0.007963771058397217, 0.009499381854816268, 0.0, 0.006083338828238187, 0.0, 0.004234432414691081, 0.0, -0.004700166641571253, 0.0, -0.0001939510503581858, 0.0017920222844136629, -0.0008458695768343101, 0.0015783805330115582, 0.019258202191774137, 0.005466727168722844, -0.00019404270831005764, 0.0015703259439640738, 0.0044110360256641125, 0.0, 0.005305195067326312, 0.010575259179220144, 0.0, 0.0, 0.0, 0.0, 0.0021620537923136814, 0.003269539952855478, 0.003939492998243592, 0.0, 0.0004358563090857301, 0.0, 0.0, 0.0, -0.18922782699159316, 0.00789072081568149, 0.0, 0.0040777652162666735, 0.011340256416242853, 0.0, 0.0, 0.0, 0.021600873492475574, 0.010077718701792924, 0.0, 0.01462676765930804, 0.0, 0.0, 0.013670721743550808, 0.007639602379068418, 0.016728942058897946, 0.0, -0.002446239832751586, 0.0, 0.0059817381188435464, 0.0, -0.0005016872806301911, 0.0, 0.011540941129959473, 0.0, 0.0, 0.0019922982395357324, 0.011908301524077208, 0.0, 0.006951982680638291, 0.0016883603364741344, 0.0031876877589758863, -0.0018069455556330612, -0.003202658093226615, 0.0, 0.009792229891415163, 0.0, 0.0, 0.0, 0.0015780972758472462, 0.007480079516945814, 0.0009828844988080084, 0.00244162645652231, 0.0, 0.010582085379479154, 0.005321655189555482, 0.001316559130550112, 0.0, -0.0009545148799276648, 0.0, 0.009742261152414868, 0.009824935444615929, 0.0, 0.0, -0.20465834438800812, 0.00012969077330702948, 0.0002572286501117624, 0.0, -0.0024044668719095936, 0.0, 0.006015310365280286, 0.0002572286501117624, -0.0025064400282926577, -0.20465834438800812, 0.00794695875798515, -0.19232093096329123, 0.013438838541460307, -0.0011913574661690481, 0.00579974856443303, 0.0, 0.0, 0.0, 4.3847418947338696e-05, 0.0, 0.007766421801002189, 0.006208873280966266, 0.019531131261405647, -0.0014277058061683584, 0.007983876333228305, 0.004701845560643873]
["ZC443.4", "ABarpa", 0.5880708480120699, -0.1698426785829383, -0.17986982626443782, -0.18018179391755185, -0.1899484420001508, -0.17168810112566446, -0.1899484420001508, -0.1734415850121778, -0.18465827272989965, -0.1714220338048819, -0.1835217729813985, 0.0, 0.0, 0.0, 0.0, -0.1899484420001508, -0.1899484420001508, 0.0, 0.0, 0.0017350909920338942, -0.17883521799952606, 0.0, 0.0038207819225440465, 0.0, 0.0, -0.18515910139741856, 0.005829130665063291, -0.1899484420001508, -0.18509006611640277, -0.1899484420001508, -0.1899484420001508, -0.1747020826650204, -0.1709605928149181, -0.17516929269297932, -0.1899484420001508, -0.17454470676276493, -0.17784859746669923, -0.18438169112303854, -0.1899484420001508, 0.0, -0.17784859746669923, -0.1785487597236974, -0.1899484420001508, 0.0, -0.1899484420001508, 0.0028057391897058645, -0.1899484420001508, -0.1899484420001508, -0.0007015164076787, 0.006261094104846546, 0.0008084557190835373, 0.0036342087055644266, -0.18203199500217268, -0.18469793156601932, 0.0, 0.0030762845303507476, -0.1899484420001508, 0.01073461609787204, -0.18508672762156514, -0.0021514308540080363, -0.002615071434881505, 0.0, 0.0, 0.0, 0.0, 0.0, 0.012867857387255762, 0.013172148961358604, 0.0, 0.0, 0.0, 0.0, 0.01615951882101362, 0.0, 0.0, 0.019996563666802705, 0.0, 0.006808093953865099, 0.0, 0.0, 0.017969281780764196, 0.013714945945443733, 0.0017544449477643444, 0.0028839955674121796, 0.0, -0.0008043227689163424, 0.0, 0.001687478551806881, 0.0, 0.0, 0.01757496544134356, 0.0, 0.0, 0.0, 0.0, 0.0, 0.014175676847069548, 0.0, -0.0030466291533667866, 0.007427887420433465, 0.010707047790156098, 0.0, 0.0, 0.0, 0.0, 0.017957377097882858, 0.0, 0.02173851112231539, 0.0, 0.008600167153613267, 0.0, 0.0, 0.011554132515465006, 0.0, 0.0, 0.00243045286030752, -0.0026072016689150756, 0.0, 0.0, 0.00023298238727455353, 0.0, 0.0, 0.0, 0.0, 0.020207559104291957, -0.0014736631158868683, 0.0038207819225440465, 0.0, 0.0, 0.003537253712806169, 0.008243966693620226, 0.0, 0.0037804884112374523, 0.0, -0.0021514308540080363, 0.0, 0.009436290975359246, 0.0, 6.302436947348349e-05, 0.0, 0.00039763648779570534, 0.0028025212806116733, 0.0, 0.0028029034269077373, 0.0, 0.00748648636188279, 0.007414786195570327, 0.005746778542515854, 0.0, 0.0, 0.0012916366792292543, 0.0071552998971041015, 0.0, 0.0, 0.0, 0.0, 0.005862862271193569, 0.005490152648684933, -0.0021514308540080363, 0.0, -0.003262487786049553, 0.0, 0.0, 0.0, -0.17860227886387703, 0.00466187928655748, 0.0, 0.0034887400257830946, 0.012963359471570639, 0.010899676917126927, 0.0, 0.0, 0.005455905962819306, 0.004641928562984333, 0.0, 0.01906964449302089, 0.0, 0.0, 0.01611711828203087, 0.0, -0.0020624811882050155, 0.0, 0.0, 0.0, 0.004939167042915566, 0.0, 0.0, 0.0, 0.005200670465793537, 0.0, 0.0, 0.006203614236839541, 0.0, 0.0, 0.0, 0.0, 0.004748702721725822, 0.0, 0.0033919757838572445, 0.0, 0.00027592680138816754, 0.0, 0.0, 0.0020191966875173963, 0.009498796585918389, 0.004294973850610866, 0.0, -0.0024717711320948847, 0.0, 0.01387255832393259, 0.014765424037188911, 0.011305406773696831, 0.0, 0.0, 0.0, 0.0051999618526327104, -0.00036423540302984634, -0.0011899662961024034, 0.0, -0.1899484420001508, 0.016344698118784043, 0.0, 0.0, 0.021075080782995064, 0.0, 0.0036092038566956446, 0.0, 0.009236849252172798, -0.1899484420001508, 0.003834070514491678, -0.16545913587336603, 0.005442964569693197, 0.011540743359490159, -0.00031341936065395625, 0.0, 0.0, 0.0, 0.0010062667052987797, 0.0, 0.0028053171975019335, -0.0006388441019525158, 0.014484816260386077, 0.0, 0.0030136091363904645, -0.0010093739761382683]
["ZC443.4", "ABaraap", 0.5880708480120699, -0.17914460634638438, -0.17656887863454135, -0.18202783597231842, -0.1920130268822358, -0.1745508501968667, -0.1920130268822358, -0.1876540111058146, -0.18061864093913266, -0.17720249287669343, -0.18770595101941617, 0.007981207157258287, 0.0, 0.0033921301755929544, 0.0, -0.1920130268822358, -0.18834217824838723, 0.0, 0.0, 0.0010879384065084151, -0.17414179501293603, 0.0, 0.007027054148124708, 0.0, 0.0, -0.18321044008233, 0.007071018430078192, -0.18347150522341543, -0.18830855917904438, -0.1920130268822358, -0.1920130268822358, -0.1822935486931157, -0.1751779665709935, -0.17709006446665693, -0.1920130268822358, -0.16442494775672345, -0.18844445271040483, -0.18207362869760524, -0.1920130268822358, 0.0, -0.1920130268822358, -0.16612423961853817, -0.1920130268822358, 0.003263188253868181, -0.1877637888210016, 0.008995119580019938, -0.18349025587428752, -0.1920130268822358, 0.01404986470224792, -0.0020126074542162246, 0.01668396504031064, 0.014636478430501174, -0.18200832427220384, -0.1920130268822358, 0.0, 0.01128751855016085, -0.184043826510254, -0.0017191966054732723, -0.17969991927759238, 0.007645674730325274, 0.0, 0.0, 0.0, 0.0, 0.0, 0.008132950931918357, 0.0035766351430747316, 0.014597197444583453, 0.0, 0.0, -0.0008929826521398018, 0.0, 0.006243779209371221, -0.0005343618135893622, 0.0, 0.013417140834795074, 0.0, 0.0, 0.0, 0.0, 0.023827964147903325, 0.0, 0.0, 0.0, 0.0, 0.002762865614893208, 0.009144240693049041, 0.0, 0.0, 0.0, 0.005467557511275472, 0.0, 0.0006015244635830152, 0.0, -0.0009724337698940417, 0.0, 0.015108451428486875, -0.002715045546322293, 0.0021612144171437664, 0.015911142929278976, 0.0022903667044077026, -0.0024590328284661653, -0.001826254292332647, -0.002572020352118141, 0.0, 0.014467078431785022, 0.0, 0.021517226474872697, 0.0, 0.01095195685305804, 0.0, 0.0, 0.006647883928818002, 0.0, 0.0, 0.0033121722025675577, 0.0, 0.0, 0.0, 0.0208132894614527, 0.0, 0.00804815158773696, 0.0, 0.0, -0.00043631001772879833, 0.0, 0.0, 0.0, 0.0, 0.00592911983669752, 0.01132979741477549, 0.0, 0.003220027902682502, 0.0, 0.006290861600203391, 0.0, 0.01070914285022196, 0.007896862404544354, 0.0012893101997423864, 0.0, 0.0, 0.0016657751920499647, 0.0, 0.010523200700231546, 0.0026684964911308055, 0.006089421290079777, 0.008337967782796753, 0.0, 0.005676012894198488, 0.0, -0.0016609936637002334, -0.0026246878780063635, 0.0, 0.0, 0.0, 0.0, -0.002019363914878938, -0.0009096573644325795, 0.004827995770451514, 0.0, 0.010936275371272852, 0.007027054148124708, 0.0, 0.0013199739042514787, -0.1758324493236112, 0.015792137191217737, 0.0, 0.010934729434166554, 0.016634153398345442, 0.0, 0.0, 0.0, 0.018155987196132, 0.016659036552239766, 0.0, 0.010107458712676638, 0.0, 0.0, 0.017519498343552622, -0.0008929339472705277, 0.008738397484953564, 0.0, 0.0023382417187217085, 0.0, 0.005805658524160436, 0.007112104311400567, 0.0, 0.0019283690944872334, 0.010530708418058529, 0.0, 0.0, 0.0, 0.008777589197030582, 0.0, -0.0011815104421146155, 0.0007462858298914284, 0.011040415497962561, 0.0, 0.0, 0.0, 0.0, 0.007112104311400567, 0.0, 0.0, -0.0008582290799493459, 0.00800157904949043, 0.0030647253576711296, 0.008618126617501057, 0.009756312794151498, 0.011453699199961836, 0.018934983225207307, 0.00923904464545071, 0.0, -0.0015783614982916333, 0.0, 0.006390157764715917, 0.004320391252851394, 0.0, 0.0, -0.1920130268822358, 0.0045533700684105664, 0.0, 0.0, 0.0, 0.0, 0.01627530832315978, 0.0, 0.0, -0.1920130268822358, -0.0004403998854009624, -0.17114761112202082, 0.016790258410703453, 0.009370240573678237, 0.0021481079070359635, 0.0, -0.0018864689414767122, 0.0, 0.0023925151365597115, 0.0, 0.009112215743963209, 0.005210846082246989, 0.016240318716341004, 0.0, 0.0009982306271543902, 0.010506628352599497]
["ZC443.4", "ABaraa", 0.5880708480120699, -0.15333189240791265, -0.15261162324184518, -0.1506729040469985, -0.16256067924448098, -0.15049598899427302, -0.15958399103040904, -0.15448708932471533, -0.1548559852204165, -0.15019350074705273, -0.15400940284276657, 0.009683497427235618, 0.0, 0.00374899007382872, 0.0, -0.16256067924448098, -0.15718278801562374, 0.0, 0.0, 0.0026385955609214196, -0.15013655913509993, 0.0, 0.007027054148124708, 0.0, 0.0, -0.15895327373719947, 0.007071018430078192, -0.15906026135903364, -0.1610425440078955, -0.16256067924448098, -0.16256067924448098, -0.15301540724405685, -0.15566146987992896, -0.14833168656379556, -0.16256067924448098, -0.14235647130143234, -0.157375506368149, -0.15449842119139992, -0.16256067924448098, 0.0, -0.16256067924448098, -0.14409192957739086, -0.16256067924448098, 0.002859057467141455, -0.1608192905899538, 0.006239245021645298, -0.1590679456003548, -0.15806413695345187, 0.010103963305036674, -0.0013593785864306886, 0.008818880643574953, 0.007880677697757837, -0.15349395116006254, -0.16256067924448098, 0.0, 0.005783996692384219, -0.15929480547759867, -0.0017191966054732723, -0.15253014034892154, 0.003468712420140753, 0.0, 0.0, 0.0, 0.0, 0.0, 0.0049481286184232375, 0.008164654226354897, 0.010412260514304966, 0.0, 0.0, -0.0007412272523592406, 0.0, 0.007588706199738681, -0.0005343618135893622, 0.0, 0.01154465383485712, 0.0, 0.0, 0.0, 0.0, 0.0137823710028456, 0.0, 0.0, 0.0, 0.0, 0.002155734351655364, 0.0040785898440034935, 0.0, 0.0, 0.0, 0.005665395020588151, 0.0, 0.0006015244635830152, 0.0, -0.0009724337698940417, 0.0, 0.011507283059826233, -0.002715045546322293, 0.0021612144171437664, 0.015911142929278976, 0.0009681756764865237, -0.0024590328284661653, -0.001826254292332647, -0.002572020352118141, 0.0, 0.009070760721856835, 0.0, 0.021517226474872697, 0.0, 0.0055247285126512145, 0.0, 0.0, 0.0058759566141867205, 0.0, 0.0, 0.004087824686390781, 0.0, 0.0, 0.0, 0.011013539469075182, 0.0, 0.00804815158773696, 0.0, 0.0, -0.00043631001772879833, 0.0, 0.0, 0.0, 0.0, 0.0036151417562410196, 0.007476289890523334, 0.0, 0.005212566470694994, 0.0, 0.005071095552757645, 0.0, 0.006124056136509786, 0.007896862404544354, 0.0012893101997423864, 0.0, 0.0, 0.0014170468230762013, 0.0, 0.0049593729411544114, 0.00898582375649623, 0.0047358480570385865, 0.008337967782796753, 0.0, 0.004133793469224277, 0.0, -0.0016609936637002334, -0.0026246878780063635, 0.0, 0.0, 0.0, 0.0, -0.002019363914878938, -0.0009096573644325795, 0.0035930219136899658, 0.0, 0.004660435777093975, 0.007027054148124708, 0.0, 0.0013199739042514787, -0.14960607389674058, 0.009705518882604906, 0.0, 0.006152300126206841, 0.011464248217259939, 0.0, 0.0, 0.0, 0.016292837714686526, 0.010957042553816987, 0.0, 0.010136382231823048, 0.0, 0.0, 0.012782125785654687, -0.0008929339472705277, 0.01043682079082497, 0.0, 0.0023382417187217085, 0.0, 0.004830616332796545, 0.007112104311400567, 0.0, 0.0019283690944872334, 0.009045226357229423, 0.0, 0.0, 0.0, 0.008477325791453307, 0.0, -0.0011815104421146155, 0.0009977471609735164, 0.005830847137775354, 0.0, 0.0, 0.0, 0.0, 0.007112104311400567, 0.0, 0.0, -0.0008582290799493459, 0.006344569118592712, 0.0016587590011320362, 0.004532419282571861, 0.009756312794151498, 0.00903052846351884, 0.009940660966443193, 0.004325812861582283, 0.0, -0.0010380030783847922, 0.0, 0.006611258505062728, 0.005796924312213082, 0.0, 0.0, -0.16256067924448098, 0.0019191744262637951, 0.0, 0.0, 0.0, 0.0, 0.009134962533769221, 0.0, 0.0, -0.16256067924448098, -0.0004403998854009624, -0.1489537621436655, 0.01238824601270043, 0.009370240573678237, 0.003257126780796653, 0.0, -0.0018864689414767122, 0.0, 0.0009984505578024697, 0.0, 0.006917067836896348, 0.0046799377795292765, 0.01465956866844522, 0.0, 0.0036809750193230618, 0.006232614775530361]
["ZC443.4", "ABarp", 0.5880708480120699, -0.14254075831827628, -0.15274033016803418, -0.15014809815209995, -0.1574535687289605, -0.13824553252603877, -0.1549714199891332, -0.1421981779721474, -0.15109596383208795, -0.14443237456950242, -0.14998806943938547, 0.0, 0.0, 0.0, 0.0, -0.1574535687289605, -0.1541364187798972, 0.0, 0.0, 0.004898478747500491, -0.14809357362109704, 0.0, 0.0038207819225440465, 0.0, 0.0, -0.15351538939530768, 0.005829130665063291, -0.1553240076404399, -0.1506546360608085, -0.1574535687289605, -0.1536327583360021, -0.146742632517243, -0.14053008505857317, -0.14699514187595591, -0.1574535687289605, -0.14660128666780453, -0.14851773090072046, -0.1552323580907729, -0.1574535687289605, 0.0, -0.15262556331046392, -0.1500424736471908, -0.15432834963304948, 0.0, -0.15509771832178232, 0.0028057391897058645, -0.1574535687289605, -0.1518431158486081, -0.0007015164076787, 0.006261094104846546, 0.0008084557190835373, 0.004118283716326813, -0.150463439928326, -0.15091537225921775, 0.0, 0.0030762845303507476, -0.1574535687289605, 0.01073461609787204, -0.1534077335387743, -0.0023988787733095853, -0.002615071434881505, 0.0, 0.0, 0.0, 0.0, 0.0, 0.00664727861273179, 0.013172148961358604, 0.0, 0.0, 0.0, 0.0, 0.006599272954556766, 0.0, 0.0, 0.019996563666802705, 0.0, 0.006808093953865099, 0.0, 0.0, 0.017969281780764196, 0.013714945945443733, 0.0008604026065899007, 0.0028839955674121796, 0.0, -0.00032796257849865165, 0.0, 0.001687478551806881, 0.0, 0.0, 0.00803331969677083, 0.0, 0.0, 0.0, 0.0, 0.0, 0.008840352787773578, 0.0, -0.0014795661922190242, 0.007427887420433465, 0.010707047790156098, 0.0, 0.0, 0.0, 0.0, 0.008656568947268404, 0.0, 0.02173851112231539, 0.0, 0.008600167153613267, 0.0, 0.0, 0.005583136020623509, 0.0, 0.0, 0.001802724454243856, -0.0023288619442632837, 0.0, 0.0, 0.0011278434111205752, 0.0, 0.0, 0.0, 0.0, 0.009917801684895023, -0.0014736631158868683, 0.0038207819225440465, 0.0, 0.0, 0.003537253712806169, 0.007269341516907477, 0.0, 0.0017588681634736216, 0.0, -0.0017904655832567604, 0.0, 0.009436290975359246, 0.0, 0.000525634517093945, 0.0, 0.00039763648779570534, 0.0021608880992646864, 0.0, 0.0028029034269077373, 0.0, 0.00748648636188279, 0.007414786195570327, 0.002493373439814999, 0.0, 0.0, 0.0035584688542637214, 0.0071552998971041015, 0.0, 0.0, 0.0, 0.0, 0.004625152610762008, 0.005490152648684933, -0.0015293790674365984, 0.0, -0.0033751918139966787, 0.0, 0.0, 0.0, -0.1437331090562369, 0.00466187928655748, 0.0, 0.0034887400257830946, 0.008673424932970353, 0.006390358217490602, 0.0, 0.0, 0.005010642362873176, 0.007622144198828996, 0.0, 0.008365595347186741, 0.0, 0.0, 0.01611711828203087, 0.0, -0.0016665558677195508, 0.0, 0.0, 0.0, 0.004939167042915566, 0.0, 0.0, 0.0, 0.005200670465793537, 0.0, 0.0, 0.007542812493834563, 0.0, 0.0, 0.0, 0.0, 0.004748702721725822, 0.0, 0.0033919757838572445, 0.0, 0.00027592680138816754, 0.0, 0.0, 0.006120868333925107, 0.007025614938604515, 0.004294973850610866, 0.0, -0.0024717711320948847, 0.0, 0.01387255832393259, 0.014765424037188911, 0.008716308152407402, 0.0, 0.0, 0.0, 0.0051999618526327104, -0.0004974397178681968, -0.0011899662961024034, 0.0, -0.15425210569635797, 0.016344698118784043, 0.0, 0.0, 0.021075080782995064, 0.0, 0.0036092038566956446, 0.0, 0.009236849252172798, -0.1574535687289605, 0.003834070514491678, -0.14501100409833173, 0.0030304885185810457, 0.011540743359490159, -0.0011655654397961142, 0.0, 0.0, 0.0, 0.0010062667052987797, 0.0, 0.0028053171975019335, -0.0006388441019525158, 0.014484816260386077, 0.0, 0.0030136091363904645, -0.0010093739761382683]
["ZC443.4", "ABara", 0.5880708480120699, -0.1343776226693406, -0.13390007041230895, -0.13003936204188576, -0.14223559103615924, -0.13433484455149564, -0.13796802491362165, -0.12901609590676627, -0.13280976306676412, -0.13350837832640786, -0.1313141955150692, 0.004871887750355019, 0.0, 0.005899264800602405, 0.0, -0.14223559103615924, -0.14015256295689985, 0.0, 0.0, 0.003488718739887782, -0.13335136444168005, 0.0, 0.007027054148124708, 0.0, 0.0, -0.13646497551307676, 0.0042275194906944286, -0.13717294065913307, -0.13759068100009375, -0.14223559103615924, -0.14223559103615924, -0.13500592394441369, -0.13386120119843728, -0.1328049238357713, -0.14223559103615924, -0.12661819559871018, -0.13337139224786917, -0.13117280264910627, -0.14223559103615924, 0.0, -0.13962078699668692, -0.12853677535724883, -0.14223559103615924, 0.002142682739307237, -0.14156109590230087, 0.003316096607013962, -0.137659840917108, -0.14049393739290003, 0.006880323280962959, -0.0013593785864306886, 0.004285692317769949, 0.007880677697757837, -0.13589272930446505, -0.13861572301054365, 0.0, 0.003812975535957646, -0.13759941211178667, -0.0017191966054732723, -0.13469983459228907, 0.0022845299011521334, 0.0, 0.0, 0.0, 0.0, 0.0, 0.006395604973236437, 0.005814472501240292, 0.008475804374380672, 0.0, 0.0, -0.0007412272523592406, 0.0, 0.007588706199738681, -0.0005343618135893622, 0.0, 0.005755946059535049, 0.0, 0.0, 0.0, 0.0, 0.011575852889981687, 0.0, 0.0, 0.0, 0.0, 0.0017322713356668225, 0.006532755863383241, 0.0, 0.0, 0.0, 0.0035737843466261835, 0.0, 0.0006015244635830152, 0.0, -0.0012833742262414296, 0.0, 0.007669591306636497, -0.002715045546322293, 0.003202948776554853, 0.010555411486124324, 0.0026117503702420483, -0.0024590328284661653, -0.001826254292332647, -0.002572020352118141, 0.0, 0.00591886089906682, 0.0, 0.009083689654862242, 0.0, 0.008142473790348626, 0.0, 0.0, 0.004663121489283547, 0.0, 0.0, 0.0016995573017941478, 0.0, 0.0, 0.0, 0.005999438943978218, 0.0, 0.00804815158773696, 0.0, 0.0, -0.00043631001772879833, 0.0, 0.0, 0.0, 0.0, 0.0037773015236078787, 0.003676003049575162, 0.0, 0.009989564924907372, 0.0, 0.005071095552757645, 0.0, 0.0025904020050590178, 0.004130835644563121, 0.005405198051742584, 0.0, 0.0, 0.0014170468230762013, 0.0, 0.003146067265272198, 0.0051096977508576944, 0.0034927648395428963, 0.008337967782796753, 0.0, 0.004133793469224277, 0.0, -0.0016609936637002334, -0.0026246878780063635, 0.0, 0.0, 0.0, 0.0, -0.0022985013190273858, -0.0009096573644325795, 0.0035930219136899658, 0.0, 0.003760155340241594, 0.007027054148124708, 0.0, 0.001342336543537076, -0.13148363454668505, 0.004203667162780579, 0.0, 0.003044527199017803, 0.011664862029241753, 0.0, 0.0, 0.0, 0.00896370422525778, 0.00425931368286691, 0.0, 0.008262844289920634, 0.0, 0.0, 0.008617622764653252, -0.0008929339472705277, 0.008069653369585855, 0.0, 0.0018568252513468239, 0.0, 0.0019489647086370604, 0.007112104311400567, 0.0, 0.0019283690944872334, 0.008296039215442622, 0.0, 0.0, 0.0, 0.006323468576703156, 0.0, -0.0007831087911978758, 0.0026365516288433355, 0.0038779462818144556, 0.0, 0.0, 0.0, 0.0, 0.004472109200090061, 0.0, 0.0, -0.0008582290799493459, 0.0034322007377255506, 0.0016587590011320362, 0.005288660315163768, 0.009756312794151498, 0.0046736914262503195, 0.009940660966443193, 0.004086644202682175, 0.0, -0.0010380030783847922, 0.0, 0.009583065185141097, 0.005796924312213082, 0.0, 0.0, -0.14223559103615924, 0.0008284218283190877, 0.0, 0.0, 0.0, 0.0, 0.007374513750911637, 0.0, 0.0, -0.14223559103615924, -0.0006189096701265107, -0.1318176599184711, 0.010108973647011556, 0.007329534464558388, 0.0027963028637472387, 0.0, -0.0018864689414767122, 0.0, 0.0009984505578024697, 0.0, 0.003907662466175027, 0.002595347139711862, 0.008973753703509628, 0.0, 0.003049586359516132, 0.0027680568499654323]
["ZC443.4", "ABar", 0.5880708480120699, -0.13845919049380845, -0.14332020029017156, -0.14009373009699286, -0.14984457988255986, -0.1362901885387672, -0.1464697224513774, -0.13560713693945683, -0.14195286344942604, -0.13897037644795512, -0.14065113247722733, 0.004871887750355019, 0.0, 0.005899264800602405, 0.0, -0.14984457988255986, -0.14714449086839854, 0.0, 0.0, 0.004193598743694136, -0.14072246903138855, 0.0, 0.005423918035334378, 0.0, 0.0, -0.1449901824541922, 0.00502832507787886, -0.14624847414978648, -0.14412265853045114, -0.14984457988255986, -0.14793417468608067, -0.14087427823082835, -0.13719564312850524, -0.1399000328558636, -0.14984457988255986, -0.13660974113325736, -0.1409445615742948, -0.1432025803699396, -0.14984457988255986, 0.0, -0.14612317515357542, -0.13928962450221982, -0.14828197033460436, 0.002142682739307237, -0.1483294071120416, 0.003060917898359913, -0.14755670482303423, -0.14616852662075408, 0.006880323280962959, -0.0013593785864306886, 0.002547074018426743, 0.0059994807070423255, -0.14317808461639553, -0.1447655476348807, 0.0, 0.003444630033154197, -0.14752649042037358, -0.0017191966054732723, -0.14405378406553168, 0.0022845299011521334, 0.0, 0.0, 0.0, 0.0, 0.0, 0.006395604973236437, 0.006230875556986041, 0.010823976667869637, 0.0, 0.0, -0.0007412272523592406, 0.0, 0.007093989577147724, -0.0005343618135893622, 0.0, 0.012876254863168877, 0.0, 0.0, 0.0, 0.0, 0.014772567335372942, 0.0, 0.0, 0.0, 0.0, 0.0017322713356668225, 0.006532755863383241, 0.0, 0.0, 0.0, 0.005803552021698508, 0.0, 0.0006015244635830152, 0.0, -0.0012833742262414296, 0.0, 0.008254972047205038, -0.002715045546322293, 0.003202948776554853, 0.008991649453278894, 0.006659399080199073, -0.0024590328284661653, -0.001826254292332647, -0.002572020352118141, 0.0, 0.0072877149231676125, 0.0, 0.015411100388588814, 0.0, 0.008371320471980945, 0.0, 0.0, 0.005123128754953528, 0.0, 0.0, 0.001751140878019002, 0.0, 0.0, 0.0, 0.0035636411775493964, 0.0, 0.00804815158773696, 0.0, 0.0, -0.00043631001772879833, 0.0, 0.0, 0.0, 0.0, 0.0036572776182070238, 0.00547267228324132, 0.0, 0.005874216544190497, 0.0, 0.005071095552757645, 0.0, 0.006013346490209132, 0.004130835644563121, 0.0029654162844182643, 0.0, 0.0, 0.0017889674611704439, 0.0, 0.0029744853460899677, 0.0051096977508576944, 0.005489625600712843, 0.00787637698918354, 0.0, 0.004133793469224277, 0.0, -0.0016609936637002334, -0.0026246878780063635, 0.0, 0.0, 0.0, 0.0, -0.0022985013190273858, -0.0009096573644325795, 0.0035930219136899658, 0.0, 0.003760155340241594, 0.007027054148124708, 0.0, 0.001342336543537076, -0.13760837180146096, 0.004432773224669029, 0.0, 0.0032666336124004486, 0.010169143481106053, 0.0, 0.0, 0.0, 0.006987173294065478, 0.005940728940847953, 0.0, 0.008314219818553688, 0.0, 0.0, 0.012367370523342061, -0.0008929339472705277, 0.008069653369585855, 0.0, 0.0018568252513468239, 0.0, 0.003444065875776313, 0.007112104311400567, 0.0, 0.0019283690944872334, 0.006748354840618079, 0.0, 0.0, 0.0, 0.006323468576703156, 0.0, -0.0007831087911978758, 0.0026365516288433355, 0.004313324501770139, 0.0, 0.0, 0.0, 0.0, 0.004472109200090061, 0.0, 0.0, -0.0008582290799493459, 0.0038635872941682084, 0.0016587590011320362, 0.005288660315163768, 0.009756312794151498, 0.009273124875091455, 0.012353042501816052, 0.0064014761775447885, 0.0, -0.0010380030783847922, 0.0, 0.007391513518886904, 0.005796924312213082, 0.0, 0.0, -0.1482438483662586, 0.008586559973551565, 0.0, 0.0, 0.0, 0.0, 0.0054918588038036405, 0.0, 0.0, -0.14984457988255986, -0.0006189096701265107, -0.13841433200840142, 0.006569731082796301, 0.009435138912024273, 0.0027963028637472387, 0.0, -0.0018864689414767122, 0.0, 0.0010023586315506248, 0.0, 0.00335648983183848, 0.002595347139711862, 0.011729284981947852, 0.0, 0.0030315977479532983, 0.0027680568499654323]
