["lgc-31", "ABarpp-", 0.5961706267387155, 0.270608062656982, 0.001925062182707194, 0.000950293272060544, 0.2829618752002716, 0.0012535783588883771, 0.2706793612563791, -0.008240841096121896, 0.001211012030912541, -0.004408807420097238, 0.2648850198576185, -0.0006576497672266698, 0.0, -0.00011386492733536193, 0.0003373381492085022, 0.2829618752002716, 0.0007183067845922365, 0.0, 0.0, -0.0006704196656194207, 0.0009577423794563154, 0.0006885103550091511, 0.00101627108042309, -0.006588203412460054, 0.00061082680645325, 0.27040906507359025, 0.0016579584746588215, -0.0005693246366768096, 0.0011375851151542234, 0.0, 0.0007183067845922365, 0.27093901585716834, 0.001638803627069695, 0.2661173150531676, 0.0, 0.0004703579241329904, 0.0015994297736920467, 0.0, 0.0, -0.0016696642148521764, 0.0, 0.0028647138727737787, 0.002208128263746505, -0.0010215918714200696, 0.2706548856177801, 0.0021549203537767096, 0.2829618752002716, -0.007885412257523663, -0.00821636545753579, 0.0019857192000727604, 0.0025518513621513826, -0.009348629781693034, 0.2697024640288195, -0.00024049975306347475, 0.0, 0.002544402254755611, 0.0, 0.0012982730032630053, 0.0014185228797947427, 0.0008491982431179329, -0.0027338224142480824, 0.0, 0.0, 0.0, -0.006487108383517443, 0.0012610274662841485, 0.0021421504553839586, 0.002785966166018482, 0.0, -0.0011812156013294556, 0.0004682296077341986, 0.0, 0.001987847516471552, -0.0029104726753478027, 0.0007183067845922365, 0.002289004286900594, 0.0, -0.0011184302675650972, 0.0, 0.0, 0.0005342074160967448, 0.0007183067845922365, 0.0009790255434442335, 0.0007183067845922365, 0.0007183067845922365, -0.003177576383396175, -0.012763513443554496, 0.0008960212038913528, 0.0, 0.0011918571833234148, 0.0005969927498611032, 0.0007183067845922365, 0.0007183067845922365, 0.0, 0.0009247534752750423, 0.0007183067845922365, 0.0022453738007253616, 0.0014962064283506437, 0.0008843154636979979, 0.0024954509775833994, 0.0019750776180788012, -0.0038756641621998894, 0.0, 0.0007183067845922365, 0.0, 9.896671254381925e-05, 0.0014238436707917222, -0.0006055060154562705, 0.0, 0.0031711914341997997, 0.0, 0.0, 0.00030009261222964547, 0.0007183067845922365, 0.0, -0.005555969959046025, 0.0009694481196496703, 0.0, 0.0007183067845922365, -0.00196762851068303, 0.0, 0.0012993371614624012, 0.0012216536129065, 0.0, -0.002815762595601567, 0.0012131403473113328, 0.0007183067845922365, 0.0, 0.0, 0.0007896053839517622, -0.010281896522563243, 0.0, 0.0016717925312509682, 0.0, 0.001164189070139121, 0.0007183067845922365, 0.0022570795409187164, 0.0, -0.0043822034651123404, 0.0, 0.0011014037363747627, -0.00024262806946226655, 0.0007183067845922365, -0.001494078111951852, 0.001457896733172391, -0.000984346334441213, 0.00037884031898494254, -0.0006076343318550623, 0.0016717925312509682, 0.0003224399344169595, -0.004373690199517173, 0.00033095320001212675, 0.0, 0.0, 0.0, 0.0, -0.006171053398296858, -0.002399676739637768, 0.0006938311460061307, 0.0, 0.00196762851068303, 0.0, 0.0007183067845922365, 0.0014387418855832648, -0.0005256941505015775, 0.0015600559203143981, 0.0, 0.0009928596000363802, 0.00020219005788522213, -0.0009641273286526907, 0.0, 0.0, -0.007934363534695874, 0.0021570486701755014, 0.0005852870096677482, 0.0017005248026346577, 0.0, 0.0, 0.0015089763267433947, 0.0002351789620664952, 0.0021549203537767096, 0.0, 0.0013887264502116573, -0.0006959594624049225, 1.276989839275087e-05, 0.0, -0.0014302286199880975, 0.0, 0.005715593688955411, 0.0, 0.0007183067845922365, 0.0006948953042055266, -0.0014674741569669543, 0.0, 0.0007183067845922365, 0.0, -0.0008396208193233698, 0.0008343000283263902, 0.000996052074634568, 0.0007183067845922365, 0.0, -0.0007055368861994856, 0.0, -0.010949123713584476, -0.0036521909403267492, 0.0024720394971966897, 0.0008289792373294108, -0.00014472551511784322, 0.0013280694328460906, 0.001843122001353709, 0.001312107059855152, -0.0011939854997222064, 0.0007183067845922365, 0.0007183067845922365, 0.0, 0.0005342074160967448, -0.0023900993158432046, 0.0, 0.0, 0.0007183067845922365, 0.001154611646344558, -0.004749338043903928, 0.0007183067845922365, 0.0009077269440847077, 0.0, -0.0006523289762296904, 0.0009428441646647727, -0.001617520463081777, 0.0, 0.0013493525968340087, -0.0008236584463324312, -0.0014217153543929304, 0.0007864129093535745, 0.001970820985281218, 0.0007183067845922365, 0.0, 0.0, 0.0005193092013052021, 0.0, 0.002082557596217788, -0.014062850605016898, 0.0032297201351665747, -0.0006491365016315026, 0.0011045962109729503, 0.0021687544103688563]
["lgc-31", "ABarap-", 0.5961706267387155, 0.27121569698915693, 0.00018516352669488764, -0.004824893276061038, 0.2829618752002716, -0.00024794886045924607, 0.2705144167353859, -0.00023092232926891158, 0.0037362594380790258, 0.0021219314495954365, 0.26233529681052387, -0.0053505874265626155, 0.0, -0.007595961227287977, -0.005074970452919075, 0.2829618752002716, 0.0, 0.0, 0.0, 0.0023592387280607233, 0.002489066028387024, 0.0, 0.0, 0.0, 0.0008172734971360557, 0.26552670725219196, -0.005723042796351182, -0.0019080356515168593, -0.0004682296077341986, 0.0, 0.0, 0.26895968160525013, 0.0006427515524351272, 0.26904694257764655, 0.0, -0.002816826753800963, -0.0029274992065381374, -0.0051664880580671235, 0.0, 0.0, 0.0008460057685197453, -0.001448319309377828, 0.0, 0.0009747689106466499, 0.2829618752002716, -0.0006587139254260658, 0.26885326578525454, 0.0, 0.002853008132580424, 0.0009524215884593358, -0.00034585141480366943, -0.001583467400701108, 0.27104649583536394, 0.0008364283447251821, 0.0, 0.0020985199692087264, 0.0008364283447251821, 0.0, 0.0013663791280243433, -0.0005129242521088267, -0.001358930020628572, 0.0, 0.0, 0.0008364283447251821, -0.0021453429299821466, -0.0058049829777046666, -0.005294187041994632, -0.003146715795613694, 0.0, 0.0, 0.0, 0.0, 0.0002681678662477683, 0.0008853796218973938, 0.0, 0.004045929474103234, -0.005371870590550533, 0.0007502315305741137, 0.0, 0.0, 0.0012301668785016672, 0.0, 0.0, 0.0008364283447251821, 0.0, 4.363048617523215e-05, -0.003954411868955186, 0.00015111046431421865, 0.0, 0.0008098243897402844, -0.0010003087074321516, -0.00015111046431421865, 0.0, 0.0008364283447251821, -0.00010109502894261106, 0.0, 0.0029721938509127653, 0.0005586830546828506, -0.0017931065659821015, -0.0020336063190455763, 0.0016153921466829852, 0.0013897906084110532, 0.0, 0.0, 0.0, -0.0038958831679884115, 0.0, 0.0016728566894503641, 0.0, -0.019311278844437504, 0.0, 0.0, -0.0025380173055592355, 0.0, 0.0, 0.001153547488145162, -0.0028136342792027752, 0.0, 0.0, -0.00423428547539631, 0.0, -0.00010003087074321516, 0.0008364283447251821, 0.0, -0.003619202036145476, 0.0, 0.0008364283447251821, 0.0, 0.0, -0.0003043492450272291, 0.0014036246650031999, 0.0, -0.0031158552078312126, 0.0, 0.004168307667033764, 0.0, 0.00043843317815111323, 0.00042353496335957054, -0.0014621533659699747, 0.0, 0.0, 0.0011854722341270393, 0.0008364283447251821, 0.0012695407318793158, -0.0004916410881209086, 0.0003543646803988367, 0.0013046579524593808, -1.4898214791542683e-05, -0.002339019722272201, 0.0, 0.0, 0.001212076189111937, 0.0, 0.0, 0.0, 0.0, 0.0009641273286526907, -0.016106034347857037, 0.0, 0.0, -0.006458376112133753, 0.0, 0.0, -0.00017558610290032447, -0.0010556449338007387, 0.0038841774277950567, 0.0, 0.0011450342225499948, 0.0005576188964834547, 0.0, 0.0, -0.0017696950855953916, -0.0002160241144773689, 0.0007959903331481377, 0.0, -0.0006278533376435845, 0.0, 0.0, -0.0034372309840487764, -0.017234042039216697, -0.006928734036266744, 0.0, 0.0010801205723868445, 0.0008364283447251821, 0.0010875696797826159, 0.0, 0.0013834056592146777, 0.0, -0.0012823106302720666, 0.0, 0.0, -0.006454119479336169, -0.00862180973150563, 0.0, 0.0015451577055228555, 0.00011599324373415375, -0.0010886338379820118, 0.0, 0.0, 0.0, 0.0, 0.0008364283447251821, 0.0, 0.0, 0.003541518487589575, -0.00015217462251361456, 0.0012014346071179778, 0.0001255706675287169, 0.0, -8.513265595167248e-06, -0.00010109502894261106, 0.0009907312836375884, 0.0008364283447251821, 0.0, 0.0, -0.0024454355422117917, 7.236275755892161e-05, 0.0, 0.0, 0.0, 0.0014110737723989713, 0.0, 0.0, -0.0014440626765802444, 0.0, -0.00214959956277973, 0.0011024678945741587, 0.0, 0.0, -0.00042140664696077877, -0.0006619064000242535, 0.0005459131562900998, -0.0002160241144773689, -0.0007310766829849874, 0.0008364283447251821, 0.0, 0.0, 0.0002543338096556215, 0.0, 0.00015855957170999, -0.0014845006881572889, -0.001810133097172436, 0.0008364283447251821, 0.0013216844836497152, -0.001469602473365746]
["lgc-31", "ABarpapa-", 0.5961706267387155, 0.2671069821791267, 0.00045652386754084365, -0.0009013419948883324, 0.2829618752002716, 0.0007438465813777382, 0.2829618752002716, -0.004150216977644033, -0.0007300125247855914, -0.004641858065764942, 0.26909695801304445, -0.000882187147299206, 0.0, 0.0005480414726888916, -0.00023943559486407884, 0.2829618752002716, 0.0, 0.0, 0.0, -7.555523215710932e-05, -0.0006118909646526459, 0.0, 0.0006278533376435845, 0.0, -0.000214959956277973, 0.2703058417281945, 0.00012876314212690462, 0.0, 0.0006278533376435845, 0.0, 0.0, 0.26707718574952793, 0.0006278533376435845, 0.27040693675719035, 0.0, -0.0029626164271182023, 0.0006278533376435845, -0.0003330815164109186, 0.0, 0.0, 0.0006278533376435845, -0.0007321408411843833, 0.0, -0.0007938620167493458, 0.2829618752002716, -0.0019271904991059858, 0.2829618752002716, 0.0, -0.002067659381426245, -0.006007173035589889, 0.0004171500141631951, 0.00124506509329321, 0.2684520781438711, -0.0012142045055107287, 0.0, 0.0010279768206164451, 0.0, 0.0005757095858731851, -0.0009013419948883324, -0.001934639606501757, 0.0006278533376435845, -0.004373690199517173, 0.0, -0.000644879868833919, 0.0, 5.7464542767378924e-05, -0.002220898162139256, 0.0009768972270454417, 0.0, 0.0006278533376435845, 0.0, 0.0, -0.00269551271906983, 0.0007672580617644482, 0.0, -0.004802545953873723, -0.0031392666882179227, 0.0008651606161088715, 0.0, 0.0, -0.0013387110148400498, -0.0033201735821152267, 0.0, 0.0008566473505137043, -0.0025710062097405086, -0.004738696461909969, -0.0014440626765802444, 0.0004841919807251372, 0.0, 0.0006917028296073389, -0.0038852415859944524, 0.0006278533376435845, 0.00040544427396984017, -0.0033744456502844177, 0.0006278533376435845, -0.0011099170019699298, -0.005860319204073254, 0.0008438774521209535, -0.001335518540241862, -0.006399847411166978, -0.009711507727687039, 0.0008800588309004142, 0.0, 0.0006278533376435845, 0.0, -0.005918847905040029, 0.0006278533376435845, 0.0008875079382961856, 0.0, 0.0005746454276737892, 0.0, 0.0, -0.004823829117861641, -0.0041661793506349715, 0.0, 0.0, 0.0010492599846043632, 0.0, 0.0, 0.0008343000283263902, 0.0, -0.004487555126852535, 0.0006278533376435845, 0.0, -0.007222441699300013, 0.0, 0.0, 0.0, 0.0, 0.000837492502924578, -0.0005171808849064103, 8.72609723504643e-05, 0.00010428750354079878, 0.0, -0.001233359353099855, 0.0, -0.0006416873942357312, 0.0, 0.0007119218353958611, 0.0, 0.0008662247743082674, 0.0, -0.0032531316155532844, -0.00011173661093657012, 0.0, -0.0022996458688945526, -0.003056262348665042, 0.0006278533376435845, 0.0008736738817040388, 0.0006278533376435845, 0.0008130168643384722, 0.0007725788527614278, 0.0006278533376435845, 0.0, 0.0, 0.0, -0.004601420054187897, -0.0022975175524957607, 0.0009417800064653768, 0.0, 0.0002660395498489765, 0.0, 0.0006278533376435845, 0.0006278533376435845, 0.0016090071974866097, -0.00015749541351059407, 0.0, -3.1924745981877176e-05, -0.0022815551795048222, 0.0, 0.0, 0.0, -0.004261953588580603, 0.0007778996437584072, 0.0006278533376435845, 0.0008779305145016224, 0.0, 0.0, -0.003554288385982326, -0.0021432146135833548, -0.004053378581499006, 0.0, 0.00037777616078554663, -0.0012950805286648175, 0.0, 0.0, -0.0007257558919880079, 0.0, 0.0012493217260907937, 0.0, 0.0, 0.0014962064283506437, 0.00040225179937165243, 0.0, 0.0, 0.0, 0.0013770207100183022, 0.0, -0.004430090584085156, 0.0, 0.0, 0.0, 0.0, -0.004218323102405371, -0.0007619372707674686, 0.0009971162328339638, -0.003358483277293479, 0.0013514809132328005, -0.0032531316155532844, -0.00402358215191592, -0.00784710256234541, -0.00047780703152876177, 0.0006278533376435845, 0.0, 0.0008885720964955815, -0.00024156391126287064, -0.0027167958830577477, 0.0006278533376435845, 0.0, 0.0, -0.0023134799254866997, 0.0008385566611239739, 0.0, 0.0, -0.000985410492640609, -0.0018803675383325658, 0.0006278533376435845, -0.004291750018163689, 0.0, 0.0006278533376435845, -0.003651126782127353, -9.364592154683972e-05, -0.006534995502490259, -0.0015973014572932549, 0.0, 0.0006278533376435845, 0.0, -0.0009428441646647727, 0.0, -0.002095327494610539, 0.0003554288385982326, -0.0045663028336078324, 0.0006278533376435845, 0.0010226560296194656, 0.0005342074160967448]
["lgc-31", "ABaraapp-", 0.5961706267387155, 0.2703984234915907, 0.0015068480103446029, 0.0005948644334623115, 0.2829618752002716, -0.006897873448484262, 0.2829618752002716, 0.0007097935189970693, -0.008684595065269989, -0.0031488441120124857, 0.270100459195603, -0.002592289373728427, 0.0, 0.0009215610006768545, 0.0, 0.2829618752002716, 0.0004224708051601747, 0.0, 0.0, -0.0017665026109972039, 0.0012706048900787117, 0.0, 0.0, 0.0, -0.00013940472412086368, 0.2582680841702919, 0.0005501697890876834, 0.0004224708051601747, 0.0, 0.0, 0.0, 0.27031754746839404, 0.0, 0.270100459195603, 0.0, -0.002116610658598457, 0.0005916719588641237, 0.0004224708051601747, 0.0, 0.0, 0.0, -0.0016696642148521764, 0.0, 0.0, 0.270100459195603, -0.005272903878006714, 0.2583819490976872, 0.0, -0.0018058764643748525, -0.0039629251345503535, -0.0026763578714807034, 0.0, 0.2702356072869974, 0.0, 0.0, -0.0011471625389487866, -0.009517830935396984, 0.0007076652025982775, 0.0005906078006647278, -0.012678380787602823, -0.006802099210538631, 0.0004224708051601747, 0.0, 0.0, 0.0004224708051601747, -0.002748720629039625, 0.0013983038740062203, -0.0016079430392872138, 0.0, 0.0, 0.0004224708051601747, 0.0004224708051601747, 0.0005650680038792261, 0.0004224708051601747, 0.0, 0.0002160241144773689, -0.0032392975589611377, 0.0004224708051601747, 0.0004224708051601747, 0.0, -0.005321855155178926, -0.0008811229890998101, 0.0, 0.0, 0.0, 0.0005969927498611032, -0.0040480577905020266, 0.0, 0.0, 0.0005916719588641237, -0.00219642252355315, 0.0, 0.0004224708051601747, 0.0, 0.0, 0.0004224708051601747, -0.0008491982431179329, 0.0, 0.0004224708051601747, -0.009794512067239919, 0.0, 0.0004224708051601747, 0.0, 0.0, 0.0, -0.0008747380399034347, 0.0, 0.0003745836861873589, 0.0, -0.001923998024507798, 0.0, 0.0, -0.0005852870096677482, 0.0, 0.0, 0.0, 0.0, 0.0, 0.0, 0.0008236584463324312, 0.0, 0.000599121066259895, 0.0, 0.0, -0.006399847411166978, 0.0, 0.0, 0.0, 0.0, -0.0014547042585742035, 0.0005959285916617074, 0.0, 0.0008577115087131002, 0.0, -0.0014898214791542682, 0.0, 0.0008311075537282026, 0.0, 0.0004224708051601747, 0.0, -0.005650680038792261, 0.0, 0.0, -0.0029274992065381374, -0.005114344306296724, 0.001335518540241862, -0.0009683839614502744, 0.0005959285916617074, -0.009524215884593358, 0.0, 0.0004224708051601747, 0.0011226869003626808, 0.0004224708051601747, 0.0, 0.0, 0.0, 0.0004224708051601747, 0.0005682604784774137, 0.0008470699267191411, 0.0, -0.007886476415723058, 0.0, 0.0, 0.0, 0.0007257558919880079, -0.006429643840750064, 0.0, 0.0007076652025982775, -0.012397443022962305, 0.0005916719588641237, 0.0, 0.0, 0.0006874461968097552, 0.0004224708051601747, 0.0004224708051601747, -0.001154611646344558, 0.0, 0.0, -0.010813975622261196, 0.001165253228338517, -0.0037394519126772133, 0.0, -0.004516287398236225, 0.0004224708051601747, 0.0005927361170635196, 0.0, -0.009200711791977003, -0.000781092118356595, -0.000916240209679875, 0.0, 0.0, -9.896671254381925e-05, 0.0, 0.0, 0.0004224708051601747, 0.0004224708051601747, -0.015532453078382644, 0.0004224708051601747, 0.0, 0.0, 0.0, 0.0, 0.0, 0.0004224708051601747, 0.0, -0.002398612581438372, 0.0005916719588641237, 0.0007310766829849874, 0.0, -0.0012993371614624012, 0.0, -0.0031201118406287962, 0.0, 0.0, 0.0004224708051601747, -0.0032382334007617416, -0.006351960292194162, 0.0004224708051601747, 0.0, 0.0, -0.0012280385621028754, -0.024693791016982, 0.0, 0.0, 0.0, 0.00017026531190334496, 0.0, 0.0004224708051601747, 0.0, -0.005394217912737847, -0.009153888831203582, -0.0014302286199880975, 0.000576773744072581, 0.0004224708051601747, 0.0, 0.0, 0.0, 0.0008428132939215575, 0.0, 0.0011790872849306638, 0.00034159478200608583, -0.0030275300772813524, 0.0005735812694743933, 0.00092794594987323, -0.0018133255717706236]
["lgc-31", "ABarpapp-", 0.5961706267387155, 0.26935661261383376, -0.0010439391936073838, -2.7668113184293555e-05, 0.2829618752002716, -0.010822488887856363, 0.2829618752002716, -0.006025263724979619, 0.0, -0.012886955794684421, 0.2829618752002716, 0.0, 0.0, 0.0, 0.0, 0.2829618752002716, 0.0, 0.0, 0.0, 0.0005501697890876834, -0.0066052299436503885, 0.0, 0.00020751084888220167, 0.0, 0.0, 0.2829618752002716, -0.005892243950055131, 0.0, 0.0, 0.0, 0.0, 0.26784550796989615, -0.004454566222671263, 0.26774228462450045, 0.0, -0.01065967268334879, 0.0, 0.0, 0.0, 0.0, 0.0, -0.002399676739637768, 0.0, 0.0, 0.2829618752002716, -0.0005076034611118472, 0.2829618752002716, 0.0, 0.00020751084888220167, -0.0038213920940306984, -0.006365794348786309, 0.00020751084888220167, 0.2698854992392119, 0.0, 0.0, -0.004370497724918986, 0.0, -0.010822488887856363, 0.0, 0.00020751084888220167, 0.00020751084888220167, 0.0, 0.0, 0.0, 0.0, 0.0, -0.007918401161704936, -0.0024858735537888364, 0.0, 0.0, 0.0, 0.0, -0.001199306290719186, 0.0, 0.0, -0.0014759874225621216, 0.0, -0.008050356778430029, 0.0, 0.0, -0.0036489984657285617, -0.0044992608670458905, 0.00020751084888220167, 0.00020751084888220167, 0.0, 0.0003703270533897753, 0.0, 0.00020751084888220167, 0.0, 0.0, -0.005301636149390403, 0.0, 0.0, 0.0, 0.0, 0.0, -0.007907759579710977, 0.0, 0.00020751084888220167, 0.0003767120025861507, -0.00142703614538991, 0.0, 0.0, 0.0, 0.0, -0.006668015277414747, 0.0, 0.00020751084888220167, 0.0, 0.00029051518843508235, 0.0, 0.0, -0.0051473332104779975, 0.0, 0.0, 0.00031605498522058406, 0.00020751084888220167, 0.0, 0.0, 0.0003373381492085022, 0.0, 0.0, 0.0, 0.0, -0.003972502558344917, 0.00020751084888220167, 0.00020751084888220167, 0.0, 0.0, -0.00156218423671319, -0.00565600082978924, 0.0, 0.0002915793466344782, 0.0, 0.00020751084888220167, 0.0, -0.009518895093596378, 0.0, 0.00020751084888220167, 0.0, 0.00020751084888220167, 0.0002915793466344782, 0.0, -0.009142183091010229, 0.0, -0.006780816046550712, -0.0024613979152027306, 0.00029370766303327004, 0.0, 0.0, 0.0002724244990453519, -0.003338264271504957, 0.0, 0.0, 0.0, 0.0, -0.0020868142290153715, 0.00020751084888220167, 0.00020751084888220167, 0.0, 0.0002851943974381028, 0.0, 0.0, 0.0, -0.0009290101080726259, -0.004054442739698402, 0.0, -0.0011620607537403294, -0.00522714507543269, -0.006879782759094532, 0.0, 0.0, -0.0003745836861873589, -0.009687032089100931, 0.0, -0.008191889818949683, 0.0, 0.0, -0.004487555126852535, 0.0, 0.00020751084888220167, 0.0, 0.0, 0.0, -0.008182312395155121, 0.0, 0.0, 0.0, -0.0010705431485922815, 0.0, 0.0, 0.00020751084888220167, 0.0, 0.0, 0.0, 0.0, -0.0007991828077463254, 0.0, 0.00047780703152876177, 0.0, 0.00020751084888220167, 0.0, 0.0, -0.008994265101294197, -0.008994265101294197, -0.006275340901837657, 0.0, 0.0003224399344169595, 0.0, -0.003972502558344917, -0.0060688942111548514, -0.004526928980230184, 0.0, 0.0, 0.0, -0.0027593622110335843, 0.0002915793466344782, 0.00020751084888220167, 0.0, 0.0, -0.013015718936811325, 0.0, 0.0, -0.010822488887856363, 0.0, -0.0026295349107072837, 0.0, -0.004207681520411412, 0.0, -0.0012493217260907937, -0.006334933761003828, 0.000689574513208547, -0.0058049829777046666, 0.0002862585556374987, 0.0, 0.0, 0.0, -0.0007619372707674686, 0.0, 0.0004128933813656115, 0.0003245682508157513, -0.007374616321813628, 0.0, 0.0002500771768580379, 0.0003799044771843384]
["lgc-31", "ABaraapaa-", 0.5961706267387155, 0.26660789198334733, -0.00024049975306347475, -0.0009300742662720218, 0.2829618752002716, 0.005043045706937198, 0.2829618752002716, 0.0, 2.128316398791812e-05, 2.7668113184293555e-05, 0.2829618752002716, -0.0017228721248219716, 0.0, -0.0010141427640242985, 0.0, 0.2829618752002716, 0.0, 0.0, 0.0, -0.000950293272060544, -0.0008428132939215575, 0.0, 1.9154847589126306e-05, 0.0, 0.0, 0.2829618752002716, 2.6603954984897648e-05, 1.9154847589126306e-05, 1.9154847589126306e-05, 0.0, 0.0, 0.2829618752002716, 3.6181378779460804e-05, 0.26664088088754595, 0.0, -0.006693555074200249, 0.0, 1.9154847589126306e-05, 0.0, 0.0, 0.0, 0.006293431591227388, 0.0, -0.0029945411731000793, 0.2829618752002716, 0.010810783147663008, 0.2829618752002716, 0.0, 0.0011141736347675135, 1.9154847589126306e-05, 4.363048617523215e-05, -0.012690086527796178, 0.2696971432378197, 0.0, 0.0, -0.002717860041257144, 0.0, 3.086058778248127e-05, -0.0009556140630575235, -0.0019889116746709483, 0.0, 0.0, 0.0, 0.0, 0.0, 6.491365016315027e-05, -0.0018452503177525008, 0.000871545565305247, 0.0, 0.0, 1.9154847589126306e-05, 0.0, 6.172117556496254e-05, 3.2988904181273083e-05, 0.0, -0.00328292804513637, 0.0, 0.0, 0.0, 0.0, -0.00520373359504598, 0.0, 0.0, 0.0, 0.0, -0.0018665334817404191, -0.0011482266971481825, 0.0, 0.0, 0.0, 0.007461877294164093, 0.0, 2.7668113184293555e-05, 0.0, 1.9154847589126306e-05, 0.0, -0.00011705740193354965, 1.9154847589126306e-05, 3.405306238066899e-05, 4.150216977644033e-05, 2.553979678550174e-05, 1.9154847589126306e-05, 1.9154847589126306e-05, 1.9154847589126306e-05, 0.0, 0.0015323878071301046, 0.0, -0.008911260761741317, 0.0, 3.086058778248127e-05, 0.0, 0.0, 0.022567602934588978, 0.0, 0.0, -0.000892828729293165, 0.0, 0.0, 0.0, 0.006164668449100483, 0.0, 4.150216977644033e-05, 0.0, 0.0, 6.597780836254617e-05, 0.0, 0.0, 0.0, 0.0, -0.0021144823421996653, -0.012690086527796178, 0.0, -0.00022240906367374436, 0.0, -0.0039118455409793505, 0.0, 4.256632797583624e-05, 1.9154847589126306e-05, 0.02757553142094611, 0.0, 0.0, 1.9154847589126306e-05, 0.0, -0.010759703554092006, 2.7668113184293555e-05, -0.00022347322187314024, 2.4475638586105838e-05, 0.0, 4.256632797583624e-05, 0.0, 1.9154847589126306e-05, -0.0006001852244592909, 0.0, 0.0, 0.0, 0.0, -0.0020665952232268494, 4.256632797583624e-05, -0.001946345346695112, 0.0, -0.002451820491408167, 1.9154847589126306e-05, 0.0, -0.001956986928689071, 0.003815007144834323, -0.005583638072230318, 0.0, -0.004064020163492965, -0.005846485147481107, 0.0, 0.0, 0.0, -0.0006768046148157962, 4.256632797583624e-05, 0.0, 0.0005938002752629156, 0.0, 0.0, -0.005381448014345097, 2.7668113184293555e-05, 4.0438011577044426e-05, 0.0, -0.0004916410881209086, 0.0, 0.005780507339118561, -0.01021272623960251, 0.0, 2.4475638586105838e-05, 5.8528700966774825e-05, 0.0, 0.0, 0.0, 3.2988904181273083e-05, 0.0, 2.553979678550174e-05, 2.6603954984897648e-05, 4.788711897281577e-05, 0.0, 0.0, 0.0, 0.0, -0.01021272623960251, 0.0, 0.0, 2.7668113184293555e-05, -0.00593161780343278, 1.9154847589126306e-05, 4.5758802574023954e-05, 1.9154847589126306e-05, 0.0031935387563871136, 2.6603954984897648e-05, -0.00020644669068280576, 0.0, 1.9154847589126306e-05, 0.0, -0.003929936230369081, 8.72609723504643e-05, 0.0, 0.0, 0.0, 4.363048617523215e-05, 0.0, 0.0, 0.0, 0.0, -0.0007278842083867997, 0.0, 0.0, 0.0, 3.2988904181273083e-05, -0.004151281135843429, 0.000429919912555946, -0.010911878176605619, -0.0007023444116012979, 0.0, 1.9154847589126306e-05, 0.0, -0.0010460675100061754, 0.0, -0.006190208245885985, -0.00031179835242300046, 0.0012035629235167696, 0.0, 3.724553697885671e-05, -0.004964298000181901]
["lgc-31", "ABaraaa-", 0.5961706267387155, 0.26979185331761574, 0.0017069097518310331, 0.000124506509329321, 0.2829618752002716, -0.0008247226045318271, 0.27045482387618835, -0.0015855957170998998, 0.0007768354855590113, -7.342691575831751e-05, 0.2700398021782055, 0.001695204011637678, 0.0, -0.009113450819626539, -0.00027987360644112327, 0.2829618752002716, 0.0007768354855590113, 0.0, 0.0, 0.00027880944824172735, -0.00011918571833234146, 0.0007768354855590113, 0.0, 0.0, -0.0032201427113720113, 0.2829618752002716, 0.0007768354855590113, 0.0, 0.0, 0.0, 0.0, 0.2696045614744235, 0.0, 0.26923955521183857, 0.0, -0.002141086297184563, 0.0003809686353837343, -0.0003926743755770893, 0.0, 0.0, 0.0, -0.00285407229077982, 0.0, -0.007240532388689744, 0.2829618752002716, -0.00013301977492448825, 0.2829618752002716, -0.0018846241711301494, -0.004027838784713504, -0.002410318321631727, -0.0018016198315772688, 0.00036819873699098346, 0.26930340470383596, 0.0, 0.0, 0.0015206820669367495, 0.0, 0.0, -0.0010471316682055714, -0.0012961446868642135, 0.0, 0.0, 0.0, -0.0005405923652931202, 0.0, -0.0012440009350938141, -0.006215748042671486, -0.004507774132641058, 0.0, 0.0, 0.0007417182649789465, 0.0, -0.002534824830961048, -0.00418746251462289, 0.0, -0.006274276743638262, 0.0006597780836254617, 0.0008417491357221616, 0.0, 0.0, -0.0051217934136924955, 0.0007768354855590113, -0.000802375282344513, -0.0010492599846043632, 0.0, 0.0006076343318550623, 0.0009907312836375884, 0.0007789638019578031, 0.0, -0.0031084061004354414, -0.006543508768085426, 0.0, 0.0, 0.0, -0.0006172117556496254, -0.00039905932477346474, -0.003203116180181677, 0.0007768354855590113, -8.300433955288067e-05, 0.000950293272060544, -0.000474614556930574, -0.002818955070199755, 0.0, 0.0, 0.0, -0.0025614287859459456, 0.0007768354855590113, -0.0023273139820788463, 0.0, 0.0003022209286284373, 0.0, 0.0, -0.004116163915263364, 0.0007768354855590113, 0.0, -0.0011929213415228105, -0.0008640964579094756, 0.0, 0.0, -0.0006246608630453968, 0.0, 0.0010152069222236944, 6.172117556496254e-05, 0.0, -0.006851050487710842, 0.0, 0.0, 0.0, 0.0, 0.0005352715742961407, 0.0005395282070937243, 0.0007768354855590113, 0.0005342074160967448, 0.0, -0.0014344852527856812, 0.0, -0.0015472860219216472, 0.0, 0.0006831895640121717, 0.0, 0.0012706048900787117, -0.003949091077958207, 0.0007768354855590113, -0.003538326012991387, 0.0006629705582236494, -0.0026848711370758708, -0.0055985362870218615, 0.0003905460591782975, -0.0016239054122781525, 0.0, 0.0007363974739819669, -0.0019655001942842382, 0.0, 0.0, 0.0, 0.0, 0.000622532546646605, -0.0006693555074200249, -0.0007076652025982775, 0.0, 0.0006502006598308986, 0.0, 0.0, 0.0, -0.0012482575678913978, -0.0026305990689066794, 0.0, -0.004498196708846495, -0.001798427356979081, 0.0, 0.0, 0.0, -0.0044769135448585766, -0.0022017433145501294, 0.0, -0.004878101186030833, 0.0, 0.0, -0.0051207292554931, -0.0013876622920122614, -0.0008279150791300149, 0.0, -9.151760514804791e-05, 0.0, 0.0005161167267070144, 0.0, -0.0011014037363747627, 0.0, -0.0012078195563143533, 0.0, 0.0, 2.0219005788522213e-05, -0.0013738282354201145, 0.0, -1.064158199395906e-06, -0.0006235967048460009, -0.0011141736347675135, 0.0007768354855590113, 0.0007768354855590113, 0.0, 0.0007151143099940488, 0.0, 0.0, 0.0, -0.000553362263685871, -0.006938311460061307, -0.000871545565305247, 0.00021283163987918119, 0.0, -0.005703887948762056, -0.007324600886442021, -0.003170127276000404, 0.0, -0.0021017124438069143, 0.0, -0.006470081852327108, -0.001414266246997159, 0.0, 0.0, 0.0, 4.8951277172211675e-05, 0.0007768354855590113, 0.0, 0.0007768354855590113, 0.0, -0.00018197105209669993, 0.0007768354855590113, 0.0010950187871783873, 0.0, -0.0006257250212447926, -0.0019420887138975283, 0.0011333284823566397, 0.001175894810332476, -0.0002160241144773689, 0.0, 0.0, 0.0, -0.00010960829453777831, 0.0, -0.0012950805286648175, -0.0017962990405802892, -0.002999861964097059, 0.0008949570456919569, -0.002045312059238931, -0.0003245682508157513]
["lgc-31", "ABarpa", 0.5961706267387155, 0.24868791891678443, -0.0010439391936073838, -0.0004306603330994008, 0.2623447352601971, -0.010822488887856363, 0.2623447352601971, -0.0047170379210727045, 0.0, -0.008125815586269566, 0.25591738877347825, 0.0, 0.0, 0.0, 0.0, 0.2623447352601971, 0.0, 0.0, 0.0, 0.0005501697890876834, -0.003345633882107831, 0.0, 0.0003872489822256926, 0.0, 0.0, 0.2564777898486884, -0.005892243950055131, 0.0, 0.0, 0.0, 0.0, 0.24797360487021378, -0.004454566222671263, 0.24946932323292248, 0.0, -0.006314871619708396, 0.0, 0.0, 0.0, 0.0, 0.0, -0.00145181370024231, 0.0, 0.0, 0.2623447352601971, -0.0011286951227164137, 0.2623447352601971, 0.0, 0.00020751084888220167, -0.004556218598517831, -0.006365794348786309, 0.0006733692493478604, 0.24955663924552124, 0.0, 0.0, -0.004370497724918986, 0.0, -0.010822488887856363, 0.0, 0.00020751084888220167, 0.0003872489822256926, 0.0, 0.0, 0.0, 0.0, 0.0, -0.00470026535368968, -0.0024858735537888364, 0.0, 0.0, 0.0, 0.0, -0.0018055175477019554, 0.0, 0.0, -0.0029105337517599823, 0.0, -0.008050356778430029, 0.0, 0.0, -0.0023121477448303455, -0.003624847797954636, 0.00020751084888220167, 0.0004933108053830479, 0.0, 0.0003703270533897753, 0.0, 0.00032065202349898113, 0.0, 0.0, -0.004258752182871852, 0.0, 0.0, 0.0, 0.0, 0.0, -0.006382455200045874, 0.0, 0.00020751084888220167, 0.0003767120025861507, -0.005163484199944363, 0.0, 0.0, 0.0, 0.0, -0.005834880206070691, 0.0, 0.0005076168187391563, 0.0, 0.00040106168477641794, 0.0, 0.0, -0.004622322246439159, 0.0, 0.0, 0.00031605498522058406, 0.0005826000611573795, 0.0, 0.0, 0.0005431351967267357, 0.0, 0.0, 0.0, 0.0, -0.005189629672629664, 0.00020751084888220167, 0.00020751084888220167, 0.0, 0.0, -0.00156218423671319, -0.002861695982027061, 0.0, 0.0001835116196024938, 0.0, 0.00020751084888220167, 0.0, -0.004710131569797341, 0.0, 0.0004262205358509534, 0.0, 0.0004977506026314953, 0.0002915793466344782, 0.0, -0.004289830763610985, 0.0, -0.0042094211023335475, -0.0025578165259111034, 0.0004272071574617194, 0.0, 0.0, 0.0005031770214907089, -0.003338264271504957, 0.0, 0.0, 0.0, 0.0, -0.003100458411832456, 0.00020751084888220167, 0.0005327756698136918, 0.0, 0.00025553499718841883, 0.0, 0.0, 0.0, -0.0009290101080726259, -0.0019525241677061035, 0.0, -0.0005534947236397798, -0.0034808010427827864, -0.006879782759094532, 0.0, 0.0, -0.0021493551790539396, -0.009687032089100931, 0.0, -0.008191889818949683, 0.0, 0.0, -0.003727949756279693, 0.0, 0.00020751084888220167, 0.0, 0.0, 0.0, -0.008182312395155121, 0.0, 0.0, 0.0, -0.0010705431485922815, 0.0, 0.0, 0.0007897905994182597, 0.0, 0.0, 0.0, 0.0, -0.0007991828077463254, 0.0, 0.00047780703152876177, 0.0, 0.00020751084888220167, 0.0, 0.0, -0.006124946959635922, -0.004522673463751783, -0.006275340901837657, 0.0, 0.0007759778968675344, 0.0, -0.003706737391648222, -0.006451025401994117, -0.002320040717716474, 0.0, 0.0, 0.0, -0.001391136471180195, 0.0002915793466344782, 0.0003872489822256926, 0.0, 0.0, -0.0071061421515428045, 0.0, 0.0, -0.010822488887856363, 0.0, -0.002090651193213357, 0.0, -0.003940073402594404, 0.0, -0.0012493217260907937, -0.004629228597714521, 0.000689574513208547, -0.005720432099221824, 0.0002862585556374987, 0.0, 0.0, 0.0, -0.0007902839102236427, 0.0, 0.0004128933813656115, 0.00031522560463976765, -0.00553544054720318, 0.0, 0.0005899997232381252, 0.00042375398182403816]
["lgc-31", "ABaraap", 0.5961706267387155, 0.2516851223284157, -0.00024049975306347475, -0.0009300742662720218, 0.2652381997074742, 0.005043045706937198, 0.2652381997074742, 0.0, 2.128316398791812e-05, 2.7668113184293555e-05, 0.2592102872469126, -0.0020224379459466767, 0.0, -0.0010141427640242985, 0.0, 0.2652381997074742, 0.0, 0.0, 0.0, -0.0012733129657217918, -0.0008428132939215575, 0.0, 1.9154847589126306e-05, 0.0, 0.0, 0.2536646676333941, 0.000270323394994599, 0.0002069819352818424, 1.9154847589126306e-05, 0.0, 0.0, 0.2593120325838276, 3.6181378779460804e-05, 0.2515609331671812, 0.0, -0.004129164920959935, 0.0, 0.0002069819352818424, 0.0, 0.0, 0.0, 0.006293431591227388, 0.0, -0.0029945411731000793, 0.2592102872469126, 0.010810783147663008, 0.2537180340601093, 0.0, 0.0011141736347675135, 1.9154847589126306e-05, 4.363048617523215e-05, -0.012690086527796178, 0.2530566893701619, 0.0, 0.0, -0.001811465997454582, 0.0, 0.00034613364598939423, -0.0009556140630575235, -0.006874294009613574, 0.0, 0.0, 0.0, 0.0, 0.0, 6.491365016315027e-05, -0.0018452503177525008, 0.000871545565305247, 0.0, 0.0, 0.0002069819352818424, 0.0, 0.0002937647226048317, 0.0002134657067485025, 0.0, -0.00328292804513637, 0.0, 0.0, 0.0, 0.0, -0.004933152582825791, 0.0, 0.0, 0.0, 0.0, -0.0018665334817404191, -0.0024354043132077986, 0.0, 0.0, 0.0, 0.007461877294164093, 0.0, 0.00021097194849209477, 0.0, 1.9154847589126306e-05, 0.0, -0.00045286649936364544, 1.9154847589126306e-05, 0.00021396445839978406, 4.150216977644033e-05, 2.553979678550174e-05, 0.0002069819352818424, 1.9154847589126306e-05, 1.9154847589126306e-05, 0.0, 0.0015323878071301046, 0.0, -0.008911260761741317, 0.0, 3.086058778248127e-05, 0.0, 0.0, 0.022567602934588978, 0.0, 0.0, -0.000892828729293165, 0.0, 0.0, 0.0, 0.0032753020939659252, 0.0, 0.0003002484940714918, 0.0, 0.0, 6.597780836254617e-05, 0.0, 0.0, 0.0, 0.0, -0.0016728130383983119, -0.012690086527796178, 0.0, -0.00022240906367374436, 0.0, -0.002531663381905137, 0.0, 0.00040947510570215083, 1.9154847589126306e-05, 0.013122155945217526, 0.0, 0.0, 1.9154847589126306e-05, 0.0, -0.006414943738783269, 2.7668113184293555e-05, -0.00022347322187314024, 2.4475638586105838e-05, 0.0, 4.256632797583624e-05, 0.0, 0.0002069819352818424, -0.0006001852244592909, 0.0, 0.0, 0.0, 0.0, -0.0020665952232268494, 0.00028628344783560846, -0.001946345346695112, 0.0, -0.004845372292200238, 1.9154847589126306e-05, 0.0, -0.001956986928689071, 0.002128173296018365, -0.005630407391317394, 0.0, -0.004064020163492965, -0.008550598309570858, 0.0, 0.0, 0.0, -0.0006768046148157962, 0.00021795447161003644, 0.0, 0.0005938002752629156, 0.0, 0.0, -0.0075905013808538774, 0.0005591006010866151, 4.0438011577044426e-05, 0.0, -0.0023471252709309645, 0.0, 0.0029870236395251903, -0.01021272623960251, 0.0, 2.4475638586105838e-05, 5.8528700966774825e-05, 0.0, 0.0, 0.0, 3.2988904181273083e-05, 0.0, 0.00020997444518953168, 0.0002104731968408132, 4.788711897281577e-05, 0.0, 0.0, 0.0, 0.0, -0.01021272623960251, 0.0, 0.0, 2.7668113184293555e-05, -0.003904227926231957, 0.00028628344783560846, 0.00036408870543552997, 1.9154847589126306e-05, 0.0031935387563871136, 2.6603954984897648e-05, -0.0015590976619061186, 0.0, 1.9154847589126306e-05, 0.0, -0.0033595911230325064, 8.72609723504643e-05, 0.0, 0.0, 0.0, 4.363048617523215e-05, 0.0, 0.0, 0.0, 0.0, -0.0007278842083867997, 0.0, 0.0, 0.0, 3.2988904181273083e-05, -0.006235891895973193, 0.000429919912555946, -0.010911878176605619, -0.0007023444116012979, 0.0, 1.9154847589126306e-05, 0.0, -0.0010460675100061754, 0.0, -0.006190208245885985, -0.00031179835242300046, 0.0012035629235167696, 0.0, 0.00045236774771236394, -0.0031765492670121783]
["lgc-31", "ABaraa", 0.5961706267387155, 0.21307416246483765, -0.00024049975306347475, -0.0009300742662720218, 0.22399315267835665, 0.005043045706937198, 0.21888280340074506, 0.0, 0.0003261092449750105, 2.7668113184293555e-05, 0.21625023693326634, -0.0020224379459466767, 0.0, -0.004138108912569567, 0.0, 0.22399315267835665, 0.0, 0.0, 0.0, -0.0012733129657217918, -0.00039307034327654605, 0.0, 1.9154847589126306e-05, 0.0, 0.0, 0.21926423698579034, 0.00042786644830323004, 0.0002069819352818424, 1.9154847589126306e-05, 0.0, 0.0, 0.2161139715767891, 3.6181378779460804e-05, 0.21279775149260233, 0.0, -0.002562008658378692, 0.0, 0.0002069819352818424, 0.0, 0.0, 0.0, 0.006293431591227388, 0.0, -0.004182024957559535, 0.2215301630183542, 0.010810783147663008, 0.21928604237165994, 0.0, 0.0011141736347675135, 1.9154847589126306e-05, 4.363048617523215e-05, -0.012690086527796178, 0.2134350024025225, 0.0, 0.0, -0.001811465997454582, 0.0, 0.00034613364598939423, -0.0008183167987239597, -0.003338420416482588, 0.0, 0.0, 0.0, 0.0, 0.0, 6.491365016315027e-05, -0.0032937033742476063, 0.000871545565305247, 0.0, 0.0, 0.00038763648260858684, 0.0, 0.0002937647226048317, 0.0002134657067485025, 0.0, -0.003905049505494093, 0.0, 0.0, 0.0, 0.0, -0.004108425293721039, 0.0, 0.0, 0.0, 0.0, -0.0018665334817404191, -0.0024354043132077986, 0.0, 0.0, 0.0, 0.007461877294164093, 0.0, 0.00021097194849209477, 0.0, 1.9154847589126306e-05, 0.0, -0.0014938251999812924, 0.0003252396203217438, 0.00021396445839978406, 0.00040524508842227974, 2.553979678550174e-05, 0.0002069819352818424, 1.9154847589126306e-05, 1.9154847589126306e-05, 0.0, 0.0015323878071301046, 0.0, -0.004592052981574782, 0.0, 0.00013609625823623772, 0.0, 0.0, 0.022567602934588978, 0.0, 0.0, -0.0008522321602013608, 0.0, 0.0, 0.0, 0.0032753020939659252, 0.0, 0.0005374917286418918, 0.0, 0.0, 6.597780836254617e-05, 0.0, 0.0, 0.0, 0.0, -0.0016728130383983119, -0.012690086527796178, 0.0, -0.00022240906367374436, 0.0, -0.0016205582183199435, 0.0, 0.00040947510570215083, 1.9154847589126306e-05, 0.0056408289709678405, 0.0, 0.0, 1.9154847589126306e-05, 0.0, -0.0040668806393966955, 0.00028219319998504244, -0.0011883420886889384, 2.4475638586105838e-05, 0.0, 4.256632797583624e-05, 0.0, 0.0003854624209754201, -0.0010483325195130005, 0.0, 0.0, 0.0, 0.0, -0.0020665952232268494, 0.00028628344783560846, -0.0010844219426235683, 0.0, -0.004845372292200238, 1.9154847589126306e-05, 0.0, -0.001956986928689071, 0.002128173296018365, -0.0033754261737984235, 0.0, -0.003498499980091913, -0.004228585496982752, 0.0, 0.0, 0.0, -0.0021057960978853015, 0.00021795447161003644, 0.0, 0.0005938002752629156, 0.0, 0.0, -0.0051937764239383235, 0.0005591006010866151, 4.0438011577044426e-05, 0.0, -0.0009964232605431096, 0.0, 0.0014313742205146812, -0.01021272623960251, 0.0, 2.4475638586105838e-05, 5.8528700966774825e-05, 0.0, 0.0, 0.0, 3.2988904181273083e-05, 0.0, 0.00020997444518953168, 0.0002104731968408132, 4.788711897281577e-05, 0.0, 0.0, 0.0, 0.0, -0.01021272623960251, 0.0, 0.0, 2.7668113184293555e-05, -0.0044302339443930035, 0.00028628344783560846, 0.00023572818192897047, 1.9154847589126306e-05, 0.0031935387563871136, 2.6603954984897648e-05, -0.0019323492499431977, 0.0, 1.9154847589126306e-05, 0.0, -0.004016379311729518, 8.72609723504643e-05, 0.0, 0.0, 0.0, 3.7828672417101225e-05, 0.0, 0.0, 0.0, 0.0, -0.000371764539271512, 0.0, 0.0, 0.0, 3.2988904181273083e-05, -0.003341502023062803, 0.0006387393078243872, -0.010911878176605619, -0.00037524303788457876, 0.0, 1.9154847589126306e-05, 0.0, -0.0004722061867238152, 0.0, -0.0030584699055389657, -0.0008613632190606612, 0.0012035629235167696, 0.0, 0.00045236774771236394, -0.001430547689815027]
["lgc-31", "ABarp", 0.5961706267387155, 0.2065041868599222, -0.0010439391936073838, -0.0004306603330994008, 0.21684762096793417, -0.010822488887856363, 0.211963334078418, -0.0051528537959520315, 0.0, -0.004984541038967694, 0.20710323539019393, 0.0, 0.0, 0.0, 0.0, 0.21684762096793417, 0.0, 0.0, 0.0, 0.0005501697890876834, -0.003345633882107831, 0.0, 0.0005581263471373558, 0.0, 0.0, 0.2095227873960569, -0.005892243950055131, 0.0, 0.0, 0.0, 0.0, 0.2063517388867709, -0.004454566222671263, 0.2050291226449354, 0.0, -0.006314871619708396, 0.0, 0.0, 0.0, 0.0, 0.0, -0.00145181370024231, 0.0, 0.0, 0.21195360105134653, -0.0011286951227164137, 0.21684762096793417, 0.0, 0.00020751084888220167, -0.004556218598517831, -0.006365794348786309, 0.0006733692493478604, 0.20648952176813273, 0.0, 0.0, -0.004370497724918986, 0.0, -0.010822488887856363, 0.0, 0.0004202128642121543, 0.0003872489822256926, 0.0, 0.0, 0.0, 0.0, 0.0, -0.00470026535368968, -0.0024858735537888364, 0.0, 0.0, 0.0, 0.0, -0.0018055175477019554, 0.0, 0.0, -0.0029105337517599823, 0.0, -0.0036460765740704143, 0.0, 0.0, -0.0023121477448303455, -0.003624847797954636, 0.00047184022517276147, 0.0004818140599601058, 0.0, 0.0003703270533897753, 0.0, 0.0004838244939524688, 0.0, 0.0, -0.004258752182871852, 0.0, 0.0, 0.0, 0.0, 0.0, -0.006382455200045874, 0.0, 0.0004341776421769087, 0.0011421495674809714, -0.005163484199944363, 0.0, 0.0, 0.0, 0.0, -0.005834880206070691, 0.0, 0.0005076168187391563, 0.0, 0.0014205486885463523, 0.0, 0.0, -0.004622322246439159, 0.0, 0.0, 0.00031605498522058406, 0.0006171903094140415, 0.0, 0.0, 0.0005431351967267357, 0.0, 0.0, 0.0, 0.0, -0.0031834388855384727, 0.0005649387449377906, 0.0003681623281617062, 0.0, 0.0, -0.00156218423671319, -0.005226704959959397, 0.0, 0.0007377836313863502, 0.0, 0.0005454726908051025, 0.0, -0.004710131569797341, 0.0, 0.0004262205358509534, 0.0, 0.0006359226301717374, 0.0002915793466344782, 0.0, -0.0023000397492009567, 0.0, -0.002065363028653361, -0.0025578165259111034, 0.0004272071574617194, 0.0, 0.0, 0.0005031770214907089, -0.003338264271504957, 0.0, 0.0, 0.0, 0.0, -0.0036869262910730763, 0.00020751084888220167, 0.00048777470283915413, 0.0, 0.0008840672540125006, 0.0, 0.0, 0.0, -0.0005784803478127039, -0.0019525241677061035, 0.0, -0.0005534947236397798, -0.0034808010427827864, -0.0031192235872183178, 0.0, 0.0, -0.00400990996925573, -0.009687032089100931, 0.0, -0.008191889818949683, 0.0, 0.0, -0.003727949756279693, 0.0, 0.0009394486994471124, 0.0, 0.0, 0.0, -0.008182312395155121, 0.0, 0.0, 0.0, -0.0010705431485922815, 0.0, 0.0, 0.000590402903448362, 0.0, 0.0, 0.0, 0.0, -0.0006516896383552041, 0.0, 0.0005860974994298426, 0.0, 0.00020751084888220167, 0.0, 0.0, -0.006789706074899349, -0.003250831484076403, -0.006275340901837657, 0.0, 0.0007759778968675344, 0.0, -0.003706737391648222, -0.006451025401994117, -0.0013973940727163938, 0.0, 0.0, 0.0, -0.001391136471180195, 0.0002915793466344782, 0.0003872489822256926, 0.0, 0.0, -0.0071061421515428045, 0.0, 0.0, -0.010822488887856363, 0.0, -0.0010907784954297115, 0.0, -0.002210042909731479, 0.0, -0.0012493217260907937, -0.0021684050041314734, 0.000689574513208547, -0.005720432099221824, 0.0008975543655528493, 0.0, 0.0, 0.0, -0.0007902839102236427, 0.0, 0.0009923455856772425, 0.00031522560463976765, -0.00553544054720318, 0.0, 0.0006738761089386149, 0.0010309416141346917]
["lgc-31", "ABara", 0.5961706267387155, 0.1868555299486734, -0.00024049975306347475, -0.002220462578284094, 0.19560052424224728, 0.005043045706937198, 0.1888261237330974, 0.0, 0.001567400263087824, 0.0008293887589004937, 0.1846546067148444, -0.0028447644244678086, 0.0, -0.004527404098260436, 0.0, 0.19560052424224728, 0.0, 0.0, 0.0, -0.0012733129657217918, -0.00039307034327654605, 0.0, 1.9154847589126306e-05, 0.0, 0.0, 0.18704886553279404, 0.00042786644830323004, 0.0002069819352818424, 1.9154847589126306e-05, 0.0, 0.0, 0.18715794427671517, 0.00026195545949431436, 0.18591210182464235, 0.0, -0.002075337985772955, 0.0, 0.0002069819352818424, 0.0, 0.0, 0.0, 0.006293431591227388, 0.0, -0.004182024957559535, 0.19465021890507433, 0.010810783147663008, 0.18834077842817964, 0.0, 0.0015306739075153666, 0.000374867295483243, 4.363048617523215e-05, -0.005507223476798179, 0.18692947072158822, 0.0, 0.0, -0.001811465997454582, 0.0, 0.00034613364598939423, -0.0008183167987239597, -0.0014859800076673087, 0.0, 0.0, 0.0, 0.0, 0.0, 6.491365016315027e-05, -0.0033135007548522003, 0.000871545565305247, 0.0, 0.0, 0.00038763648260858684, 0.0, 0.00021681274062575564, 0.0004239719709333665, 0.0, -0.003905049505494093, 0.0, 0.0, 0.0, 0.0, -0.004108425293721039, 0.0, 0.0, 0.0, 0.0, -0.0018665334817404191, -0.00246540881599049, 0.0, 0.0, 0.0, 0.007461877294164093, 0.0, 0.00021097194849209477, 0.0, 1.9154847589126306e-05, 0.0, -0.0014938251999812924, 0.0003410474876716318, 0.00021396445839978406, 0.00040524508842227974, 0.0006331274585270105, 0.0006160892573625541, 1.9154847589126306e-05, 1.9154847589126306e-05, 0.0, 0.0015323878071301046, 0.0, -0.004592052981574782, 0.0, 0.00013609625823623772, 0.0, 0.0, 0.022567602934588978, 0.0, 0.0, -0.0008522321602013608, 0.0, 0.0, 0.0, 0.0032753020939659252, 0.0, 0.0005374917286418918, 0.0, 0.0, 6.597780836254617e-05, 0.0, 0.0, 0.0, 0.0, -0.0007628565807273613, -0.012690086527796178, 0.0, -0.0012880161072627964, 0.0, -0.0016205582183199435, 0.0, 0.00032715190837548933, 0.00017080481371416106, 0.0056408289709678405, 0.0, 0.0, 0.0004647861757798807, 0.0, -0.0040668806393966955, 0.00028219319998504244, -0.0011883420886889384, 0.0005128250296369885, 0.0, 4.256632797583624e-05, 0.0, 0.0003854624209754201, -0.0010483325195130005, 0.0, 0.0, 0.0, 0.0, -0.0020665952232268494, 0.00028628344783560846, -0.0010844219426235683, 0.0, -0.004361371309487321, 1.9154847589126306e-05, 0.0, -0.0008228193429884106, 0.002128173296018365, -0.0033754261737984235, 0.0, -0.003498499980091913, -0.004228585496982752, 0.0, 0.0, 0.0, -0.0008958373539262216, 0.0003912144558331203, 0.0, 0.0005938002752629156, 0.0, 0.0, -0.003330136759478359, 0.0005591006010866151, 4.0438011577044426e-05, 0.0, -0.0009964232605431096, 0.0, 0.0009718943897187717, -0.01021272623960251, 0.0, 2.4475638586105838e-05, 5.8528700966774825e-05, 0.0, 0.0, 0.0, 3.2988904181273083e-05, 0.0, 0.0006771897898524394, 0.00012596187711398377, 4.788711897281577e-05, 0.0, 0.0, 0.0, 0.0, -0.01021272623960251, 0.0, 0.0, 0.0013771138105704238, -0.0017680493706311374, 0.0005740123195764945, 0.00013940140737486446, 1.9154847589126306e-05, 0.0031935387563871136, 2.6603954984897648e-05, -0.0019323492499431977, 0.0, 1.9154847589126306e-05, 0.0, -0.0024931883569164703, 6.158827417577924e-05, 0.0, 0.0, 0.0, 0.0005590359345439783, 0.0, 0.0, 0.0, 0.0, -0.0009728281860237902, 0.0, 0.0, 0.0, 3.2988904181273083e-05, -0.0015446513857223913, 0.00045707928767429085, -0.004293523887040822, -0.00042685584614308633, 0.0, 1.9154847589126306e-05, 0.0, -0.0004722061867238152, 0.0, -0.0030584699055389657, -0.0009051142306900108, 0.0012035629235167696, 0.0, 0.0006844898016686185, -0.001118976755538186]
["lgc-31", "ABar", 0.5961706267387155, 0.1966798584042978, -0.0006422194733354293, -0.0013255614556917474, 0.20622407260509074, 0.005043045706937198, 0.2003947289057577, 0.0, 0.001567400263087824, 0.0008293887589004937, 0.19587892105251917, -0.0028447644244678086, 0.0, -0.004527404098260436, 0.0, 0.20622407260509074, 0.0, 0.0, 0.0, -0.0012733129657217918, -0.0018693521126921886, 0.0, 0.00028864059736324107, 0.0, 0.0, 0.19828582646442547, 0.00042786644830323004, 0.0002069819352818424, 1.9154847589126306e-05, 0.0, 0.0, 0.19675484158174306, 0.00026195545949431436, 0.19547061223478887, 0.0, -0.004195104802740676, 0.0, 0.0002069819352818424, 0.0, 0.0, 0.0, 0.006293431591227388, 0.0, -0.004182024957559535, 0.20330190997821043, 0.010810783147663008, 0.20259419969805692, 0.0, 0.0008690923781987842, 0.000374867295483243, 4.363048617523215e-05, -0.005507223476798179, 0.19670949624486048, 0.0, 0.0, -0.003090981861186784, 0.0, 0.00034613364598939423, -0.0008183167987239597, -0.0014859800076673087, 0.0, 0.0, 0.0, 0.0, 0.0, 6.491365016315027e-05, -0.00400688305427094, 0.000871545565305247, 0.0, 0.0, 0.00038763648260858684, 0.0, 0.00021681274062575564, 0.0004239719709333665, 0.0, -0.003407791628627038, 0.0, 0.0, 0.0, 0.0, -0.0032102865192756925, 0.0, 0.0, 0.0, 0.0, -0.0018665334817404191, -0.00246540881599049, 0.0, 0.0, 0.0, 0.007461877294164093, 0.0, 0.00021097194849209477, 0.0, 1.9154847589126306e-05, 0.0, -0.0039381402000135835, 0.0003410474876716318, 0.0003240710502883464, 0.0007736973279516255, 0.0006331274585270105, 0.0006160892573625541, 1.9154847589126306e-05, 1.9154847589126306e-05, 0.0, 0.0015323878071301046, 0.0, -0.004592052981574782, 0.0, 0.000778322473391295, 0.0, 0.0, 0.022567602934588978, 0.0, 0.0, -0.0008522321602013608, 0.0, 0.0, 0.0, 0.0019092186453463305, 0.0, 0.0005374917286418918, 0.0, 0.0, 6.597780836254617e-05, 0.0, 0.0, 0.0, 0.0, -0.0011625204087202757, -0.008958395743877787, 0.0, -0.0012880161072627964, 0.0, -0.0016205582183199435, 0.0, 0.00032715190837548933, 0.00017080481371416106, 0.003033524753409397, 0.0, 0.0, 0.00037818276120717945, 0.0, -0.003183460194298826, 0.00028219319998504244, -0.0016268525586711497, 0.0005128250296369885, 0.0, 4.256632797583624e-05, 0.0, 0.00044431972123306447, -0.0021932983955089786, 0.0, 0.0, 0.0, 0.0, -0.002876760757149963, 0.00024689714835890507, -0.0010844219426235683, 0.0, -0.004361371309487321, 1.9154847589126306e-05, 0.0, -0.0008228193429884106, 0.002128173296018365, -0.0026639751707522637, 0.0, -0.0020259973518658462, -0.003854693269882769, 0.0, 0.0, 0.0, -0.002452873661590976, 0.0003912144558331203, 0.0, 0.0005938002752629156, 0.0, 0.0, -0.0035290432578790262, 0.0005591006010866151, 0.0004899433555120784, 0.0, -0.0009964232605431096, 0.0, 0.0009718943897187717, -0.01021272623960251, 0.0, 2.4475638586105838e-05, 5.8528700966774825e-05, 0.0, 0.0, 0.0, 3.2988904181273083e-05, 0.0, 0.0006771897898524394, 0.00012596187711398377, 4.788711897281577e-05, 0.0, 0.0, 0.0, 0.0, -0.01021272623960251, 0.0, 0.0, 0.0013771138105704238, -0.0040216951362343975, 0.0005740123195764945, 0.00045768965212119944, 1.9154847589126306e-05, 0.0031935387563871136, 2.6603954984897648e-05, -0.0016648716613297957, 0.0, 1.9154847589126306e-05, 0.0, -0.0019421624140483326, 0.00017658381040512873, 0.0, 0.0, 0.0, 0.0005590359345439783, 0.0, 0.0, 0.0, 0.0, -0.0010318033407267508, 0.0, 0.0, 0.0, 3.2988904181273083e-05, -0.0018565281949269323, 0.000573326900441419, -0.005006977993131323, -0.00042685584614308633, 0.0, 1.9154847589126306e-05, 0.0, -0.0006312450484737289, 0.0, -0.0030584699055389657, -0.0009051142306900108, 0.0012035629235167696, 0.0, 0.0006791829553036167, -0.001118976755538186]
