["tmem-231", "ABprppa-", 0.47210011533633, 0.19968033001869032, 0.24840450324588026, 0.21721400065500487, 0.30026736855506897, 0.008887291311321172, 0.24098504736542412, 0.22692368911529362, 0.24743126059728637, 0.018106479799181636, 0.2163536441552863, 0.008889889987011786, 0.0, 0.002206347025455157, 0.0, 0.0, -0.011375405330030517, 0.0, -0.008139047462594456, -0.021589049416197763, 0.0132748017479793, -0.018359093741322528, -0.009468318776900785, 0.0, -0.01598123837591462, 0.24330209184795176, 0.018981945549885065, 0.27656757376531943, -0.001984601549289483, 0.0, 0.30026736855506897, 0.21469930275996132, 0.2284879126397006, 0.20582693548024325, 0.24727646255955568, 0.008070512495540057, -0.004383262717079706, 0.24294961507409235, 0.0, 0.0, 0.30026736855506897, 0.24320354774279765, 0.011640195335610944, -0.004574780984948822, 0.0, 0.0016964751527312886, 0.30026736855506897, 0.22529616090026316, -0.024197477558550222, 0.23780590901811977, 0.021232014419875954, 0.0018394676063770404, 0.25131048090198815, 0.30026736855506897, 0.0, -0.02677347615594399, 0.002914267721335767, -0.00023143785642002732, 0.2424167733371108, 0.009598265270803786, -0.013996998110915732, 0.0, 0.0, -0.000731016889420498, 0.009432778627019661, -0.010895525443028624, 0.02293261713352727, -0.014451008856832401, 0.0, -0.002801327288636062, 0.00661146525404416, 0.005955147911715702, -0.012937695794499195, 0.021339015199535058, 0.0, 0.008284189056668112, 0.0051831980872236744, 0.00407643441018607, 0.05004914462834684, 0.0, -0.01731300426559138, 0.016609979588916763, 0.0, 0.004066913435513875, 0.0, 0.012426436529366182, -0.0045896879581547095, 0.004078356996646533, 0.0, 0.04454875285285079, 0.004609613747252435, -0.015431247540887441, 0.0, 0.0, 0.012350559310386948, -0.0063728328400884495, 0.007775789147474678, 0.0019568297386288493, -0.0009766413099632492, 0.01384799571102439, -0.007241060228297939, -0.01151464766905656, 0.0009301689431432858, -0.008797928325271497, 0.0, -0.011651773443705358, 0.0, -2.886459573531912e-06, 0.0, 0.01847682503878239, 0.0, 0.0, -0.021298439679452334, -0.019416881902700404, 0.0, -0.03696643030927437, 0.010752645947973925, 0.0, 0.0, 0.027620527299067235, 0.0, -0.02344936019240243, -0.0019454640321556146, 0.0, -0.03234034782423302, -0.0034203456745868694, 0.007647440165218307, 0.0, 0.0, 0.0018192291418676915, -0.022121344138411263, 0.04622416940355571, -0.005493362122453764, 0.006847716115245534, -0.002262908047779238, 0.0057334163279457095, -0.0013835463237787326, 0.0, -0.027467100798085977, 0.0, 0.019633968870010347, -0.026781670256925637, 0.0, -0.007970778116516622, -0.0006590850405403961, 0.022043060511724874, -0.022135132457534235, 0.0, -0.006639712751199816, 0.0, 0.0064125100954383635, -0.00018150052721189062, 0.007101441422391362, 0.0, 0.0, 0.0, 0.03261214449752052, -0.00010483147545474735, -0.0052503413538302875, -0.00815659728457271, 0.016429739551892586, -0.026388076883759062, 0.0, 0.00661486581553054, 0.23953332732155747, -0.019915871031830658, 0.0, -0.007708774842190842, -0.0023413424965576415, -0.0024428414208824602, 0.0, 0.0, 0.02537581659788887, -0.0015541741542777056, 0.0, 0.023495575997216096, 0.0, 0.0, 0.04296459616824105, 0.011353719527037136, 0.005439993874323078, 0.0, 0.0130167500850069, -0.020678712202422418, -0.011219538524815805, 0.02928408634751866, 0.013166872688909797, -0.004655453949381384, -0.0021820619487471914, -0.00018150052721189062, 0.006493837441161532, -0.024256251193785494, -0.021095292629043957, 0.0, 0.006184170597782761, 0.0, -0.004662692318109863, 0.0, 0.0, 0.0, 0.006804024048663253, 0.0, 0.0, 0.005974495044848569, -0.00482945558700366, 0.005538753830979135, -0.0013715687696017273, -0.009302081283632455, 0.0, -0.005488680906925364, -0.008810782276939476, 0.000965395063432218, 0.0, 0.007500908427265356, -0.026388076883759062, 0.002084918702578502, -0.01758386486801598, -0.033619862067147906, 0.0, 0.0, -0.01329089298362299, -0.018979940145162116, 0.029128921001208105, -0.0069106163897572626, 0.0, -0.0032950661672865762, -0.011081424181808127, 0.0, -0.005861700903031114, -0.00037101977832940304, 0.005915691205092994, 0.0017906575745705333, 0.0009959260119900442, -0.01365434218234998, 0.0, 0.0016584298782592, 0.0, -0.0028580220061996267, 0.0, 0.010682965216786596, -0.0408106526725872, 0.0034514941330576494, -0.0008157042392163175, -0.0128989301109214, 0.0019099656407135367]
["tmem-231", "ABpraa-", 0.47210011533633, 0.24650097373764357, 0.26883189887867426, 0.2700884020788332, 0.30026736855506897, -0.012609729214753845, 0.30026736855506897, 0.21662544787532992, 0.24486346706814593, -0.018345826623284794, 0.19278214447718917, 0.003917569902814071, 0.0, 0.0026415408691050917, -0.027627669631967913, 0.0, 0.019703925824741425, 0.0, 0.011098195198912524, -0.003048556160536168, 0.021482784405401373, 0.00826852402144612, -0.027712513745326843, -0.004554839067330126, 0.005828771687794541, 0.22918017644795355, 0.022207921155497225, 0.25418563134172506, 0.009721346317410099, 0.0, 0.30026736855506897, 0.23005784298527543, 0.2510720847330296, 0.2042019166914632, 0.23994974750128295, -0.022711887348699986, -0.02749416857073629, 0.24406655975712493, 0.0, -0.0018752703298741235, 0.30026736855506897, 0.27279353525169603, 0.016104891062117533, -0.018985447662775448, 0.0, -0.017897509301953846, 0.22294793511680647, 0.30026736855506897, 9.756351806477375e-05, 0.2671252853234247, -0.01078560354446305, -0.020329124722681512, 0.23975430324548785, 0.24370246638326537, 0.0, -0.031121768386595954, 0.04005043128255199, -0.0035440988642855362, 0.2208094204801744, -0.021578826729248345, 0.015684278335197855, 0.004276609578156621, 0.0, -0.0035112346289694883, 0.012510557901807148, 0.015936446598472893, -0.02889539111618981, 0.009600176030417637, 0.012681234779834082, 0.0, 0.031935096302798956, 0.022543849786422408, 0.007473349621227763, -0.04020997269416017, 0.002889249793069059, 0.010450923730102866, -0.01586638350400657, -0.015414149123396677, -0.00920026790386222, 0.0, -0.006420429256789761, -0.016350643935168642, 0.0, 0.01261795367277739, -0.0066343082157160616, 0.004718574613210069, 0.008892483515411016, -0.016151187975247575, 0.0, -0.0032993063314661277, 0.02752025757275191, 0.0, 0.007059463652533909, 0.002518884040354845, -0.0048996967099326875, 0.0014299023312856905, -0.021988818274810126, 0.007433299674175924, -0.035754355963109975, -0.03078185333227052, -0.0017996790319202488, -0.01371076909037357, 0.0, -0.03373486855583613, 0.0, -0.04231215549371163, 0.0, 0.0, 0.0, 0.0335276766598298, 0.0, 0.0, -0.009157944196663834, -0.02350368871060055, 0.0, 0.022320653800951232, 0.0021958892047461136, 0.0, 0.002737579773037415, 0.00898180997301165, 0.0, 0.013436750106104425, 0.0, 0.0, -0.004578497279489879, -0.0026839728713539085, 0.0, 0.0, 0.0, 0.027580268643059278, 0.023289589977921493, 0.025430181129121824, -0.019538754494169627, 0.017752976148668893, -0.0023066459081180213, 0.0, 0.020036322873644548, 0.0022159259636598855, -0.010303297258199128, 0.0, -0.010607866306571272, -0.014796699518432406, 0.0, 0.03440287008240218, -0.00920026790386222, -0.009961768054831734, -0.020903295084342313, 0.006163388372508022, -0.004623597251603012, 0.0, -0.006371088611686318, 0.029969650221570096, 0.0, 0.0, 0.0, 0.0, 0.008233132291916138, 0.00555440979066178, -0.022651213999130133, 0.002478710877135429, -0.013537778746089616, 0.0, 0.0, 0.0, 0.22944584327699585, -0.05240504236508303, 0.0, -0.023637996964443662, 0.004468959650792142, -0.01413652377232796, 0.0, -0.017038779902893344, -0.053027585220591755, -0.007148759403294403, 0.0, -0.015885914225240456, 0.0, -0.006299322595634524, -0.03101249478163806, -0.002947713676640931, 0.0104497692460894, 0.0, -0.02042870962724299, 0.0, -0.011881648956492973, 0.0, -0.005840602601792078, 0.0, -0.01588642960475694, 0.0, 0.0, -0.029841868856521514, 0.024786472990218012, 0.0, 0.0056009925116732385, 0.0, -0.0016482849626894935, 0.000925842580943554, -0.023463734030694395, -0.01336789071973302, -0.004357530467807994, 0.006619744854366032, 0.0, -0.0033038438113126914, -0.00907231681724402, 0.011709332731902555, -0.00644013534889212, -0.0008865182857058257, -0.012149667412967777, -0.006553763780481692, -0.04289412248641573, -0.021621844866150985, 0.0, 0.022252206036921303, 0.0, -0.017448893908818375, 0.014163214155947972, 0.0, 0.0, 0.0, 0.007121138178778205, -0.005505847843608639, 0.0, -0.04597653725946421, 0.0, -0.0007495809160345327, 0.0, 0.023165149647479448, 0.0, -0.01844966285073392, -0.029303155127892257, -0.01663874409258786, -0.008188638002722251, 0.008647171497563423, 0.0, 0.0, 0.0, 0.02615712411288261, 0.0, -0.000536170182320443, 0.011619170777146762, 0.004042727654923195, 0.00894785000511322, 0.01776417178453675, -0.0036378202670746726]
["tmem-231", "ABprpap-", 0.47210011533633, 0.2541512678309468, 0.2013721004031187, 0.23528826854683943, 0.30026736855506897, -0.01962739358176538, 0.20841971207268795, 0.22622619833506996, 0.30026736855506897, 0.0028655515625465974, 0.2073376585252451, -0.02942082686846701, 0.0, 0.0017423415970261738, 0.0, 0.0, 0.0, 0.0, 0.0, -0.044334669809409935, -0.04688909144775191, 0.0, 0.0, 0.0, 0.0, 0.30026736855506897, -0.008297282137396339, 0.21150442875276576, 0.0029753742477969967, 0.0, 0.30026736855506897, 0.35167297601962194, 0.30026736855506897, 0.24172010937116195, 0.30026736855506897, -0.021621922627605025, -0.01312357255676916, 0.2378346738311247, 0.0, 0.0, 0.30026736855506897, 0.21432119869611582, 0.005925298980766139, -0.011534637449735605, 0.0, -0.0073525075456265165, 0.30026736855506897, 0.30026736855506897, -0.0017151928089436065, 0.2395525229241101, -0.013749229959038555, -0.008731908912509394, 0.19872822726688427, 0.30026736855506897, 0.0, 0.028918496312270767, 0.0, -0.02607210285894863, 0.2216994592038972, -0.013535305499458994, 0.0, 0.0, 0.0, 0.0, 0.0, 0.00360494598157117, 0.003451235225978112, -0.009554504607975911, 0.0, 0.0, 0.0, 0.0, -0.0014698945941464384, 0.0, 0.0, -0.02824467374425016, -0.010815211383606454, 0.0, 0.0, 0.0, -0.026968376751049003, -0.013339923721254568, 0.0, 0.0, 0.0, -0.01809477911353044, -0.025579729694816918, 0.03743995840258467, 0.0, 0.0, 0.02145178767478413, 0.0, 0.0, 0.0, 0.0, 0.0, -0.019894942395930672, -0.0026657316469146865, 7.336716099433642e-05, -0.009251126239792124, 0.0, 0.03324206402795734, 0.0, 0.0, 0.0, -0.019661551948479242, 0.0, -0.026137762577803994, 0.0, -0.02736500824721448, 0.0, -0.035197930997958905, -0.043681791536782484, -0.04146554253102125, 0.0, 0.0, 0.0, 0.0, 0.0, -0.03912528655469621, 0.0, -0.005439593000737736, 0.0, 0.0, -0.06656883198654373, 0.0, 0.0, 0.0, 0.0, -0.06958754552339892, 0.0031117022181706144, 0.0, -0.03938955127634721, 0.0, -0.013336321393789576, 0.0, -0.005596495292503139, 0.0, 0.004900819353026754, 0.0, 0.004566941188480941, 0.0, 0.0, 0.00482554421062871, 0.0, -0.010211393922955026, -0.03659679274003451, -0.0289330051734337, -0.011352307702732094, 0.0, 0.005108854980385748, -0.014170965661644778, 0.003411962466643283, 0.0, 0.0, 0.0, -0.00750667418656605, -0.038692508270811776, 0.0, 0.0, 0.029717708155899934, 0.0, 0.0, 0.0, 0.23651777528151394, -0.03299466846164058, 0.0, -0.00405517167997127, -0.009629704261194983, 0.004284347583772236, 0.0, 0.0, -0.03311257040230629, -0.028664935131003468, 0.0, 0.013689714744587581, 0.0, 0.0, -0.05461368955599284, -0.05198985431775362, -0.026058949948196075, 0.0, 0.004691480861407353, 0.0, -0.0031929282183984532, 0.0036294645154408677, 0.0062032589803517925, 0.0, -0.010854074829135169, 0.0, 0.004599555485790304, -0.021834288449973562, 0.006278322149999819, 0.0, 0.0, 0.0, -0.03506872624785091, 0.0, 0.0, 0.0, 0.0, 0.0, 0.0, 0.004077743635240022, 0.0, -0.025269147263900955, 0.0028655515625465974, 0.0035125120194832095, 0.0, -0.023280000347322544, -0.05660694724614656, -0.04093393532530669, 0.0, 0.0, 0.0, -0.028814586139856088, -0.0027300829761750284, 0.0, 0.0, 0.0, -0.015527410528898139, -0.04450933469775266, -0.005447844722353907, -0.0002771689517365846, 0.0, -0.03585357612052754, 0.0, 0.00490711459788195, 0.0, 0.02953184752607798, -0.020875417936717544, -0.0704140276478814, 0.012837943230831686, -0.005709597752366516, 0.0, 0.0, 0.0, -0.0014270384409646951, 0.0, 0.00046489986157037706, -0.04670284015080721, -0.022685234897845283, 0.0, -0.02554143434884807, -0.009038508735974626]
["tmem-231", "ABprpaa-", 0.47210011533633, 0.24638889862347071, 0.24975797023349794, 0.2447766164191498, 0.30026736855506897, -0.010098097924793275, 0.30026736855506897, 0.21350313803152982, 0.27225073460208304, -0.008249241335533125, 0.24359726720990668, -0.03441785428440778, 0.0, -0.07515375947362003, -0.0018139089813692041, 0.0, 0.0, 0.0, 0.0, -0.036678995827630304, -0.03240156970856041, 0.0047036984233069, 0.0, 0.0, -0.030003902245194038, 0.2389638112676586, 0.014463724192619326, 0.22641517379866213, 0.00595278961705224, 0.0, 0.30026736855506897, 0.23277682538823832, 0.2265281589773055, 0.20639899269247994, 0.30026736855506897, -0.030199254966612372, 0.016090713107680007, 0.23924199196939042, 0.0, 0.0, 0.2312831047150659, 0.23985469885297586, 0.00018248576519486485, -0.00984778511919198, 0.0, -0.021427843204387006, 0.30026736855506897, 0.25010695843120373, 0.007433274127097407, 0.2502234532543116, 0.008112864151871747, 0.011763879510032093, 0.30026736855506897, 0.2885235239409712, 0.0, 0.00160392946310906, 0.0, -0.00048087922816744525, 0.23475227583406708, 0.01354296102292631, -0.031046283999672526, 0.00581879400210647, 0.0, 0.0, 0.0, 0.028176145936463334, -0.01684618292272487, -0.027407115660214622, 0.0, -0.0059998123111694975, 0.0, 0.0, -0.0322259105197715, 0.012663060348633945, 0.02807281056761303, -0.0284840837252255, -0.004620570812570573, -0.024387728176866054, 0.0, 0.0, -0.037578121476888875, -0.02608148014107176, 0.0, -0.0028971612395719414, 0.0, 0.01948169080148907, -0.0377460671387778, -0.026648767406609493, 0.0, -0.03165496340280455, -0.0016067896756596601, 0.0, 0.004826347530705877, 0.0, 0.0, -0.021226042782591374, -0.0270955071545185, -0.02098234138076741, -0.0018331687218429346, -0.01735835418552052, -0.009034409083513035, 0.02431460576457048, 0.0, 0.0, 0.0, -0.06057272417900645, 0.0, -0.0429864922137091, 0.0, 0.04882449553154701, 0.0, 0.017823888290244158, -0.009207045229627397, 0.0, 0.0, 0.0, -0.0038125290195561434, 0.0, 0.0, -0.008389037132833184, 0.0, -0.029224030082061654, 0.0, 0.0, -0.04508724055964759, 0.0, 0.0, 0.0, 0.0, -0.04438490872246099, 0.010546996790817656, -0.0029299976598891678, -0.003950642284337182, 0.0, 0.0006708194033947827, 0.04888385283290436, 0.015865870360150837, 0.0, -0.004141339320671546, 0.0, 0.004120099798981181, -0.013826747160154123, 0.0, 0.010241207815877193, -0.024720555378428554, -0.010173064583253254, 0.009225062029496422, 0.04623906017168608, -0.0004951106513574367, 0.0, 0.0, 0.07145743890729563, 0.0, 0.017823888290244158, 0.0, 0.0, -0.03838446890715655, 0.05811590166923167, -0.006630841430293735, 0.0, 0.001710316927795906, 0.0, 0.0, -0.007246497835961592, 0.26335855644905354, 0.002674017242730492, 0.0, -0.041567436955713306, -0.04219627783059899, 0.0, 0.0, 0.006539823361402072, -0.053649969099881734, -0.02066013736673731, 0.007581428770384538, -0.0480052852968098, 0.0, 0.0, -0.05513401573276995, 0.03983937286205718, -0.023620229527591158, 0.0, -0.016145654690799895, 0.0, -0.003928165028216714, 0.011991968331153484, 0.0037582568682475526, 0.0, -0.010734362805539391, 0.0, 0.0, 0.015794968544965513, 0.0986171418219555, 0.0, 0.0, 0.002855880847071055, 0.014035145894892884, 0.0, -0.020503692840110995, 0.0, -0.051678211196240845, 0.0, 0.0, -0.045881909141973, -0.027859717679273907, -0.01719209025058579, -0.013657985237003343, 0.003731609716825907, 0.0, -0.04451561169154674, 8.017759561160413e-05, -0.007474010219730919, 0.0, 0.005990085249453123, 0.0, 0.001723893271113793, 0.014571838466749327, 0.025029521803862018, 0.0, 0.0, 0.0122087690307813, -0.009014715580824116, 0.0, -0.047441901606716824, 0.0, -0.050145595184292305, -0.0007256808667341985, 0.002218268509318001, 0.0, 0.0016584425934644174, -0.013850292206831018, -0.0320079616906638, 0.0012849278011667306, 0.003062324199230106, 0.0, 0.0, 0.0, 0.009671467916690782, 0.0, -0.02405287675430388, -0.08450524380965624, -0.045437024784927796, 0.0, 0.015460390900912193, 0.007812232249823396]
["tmem-231", "ABprappa-", 0.47210011533633, 0.23287054107475683, 0.2087697780099319, 0.24602680350827655, 0.30026736855506897, -0.004617445087551439, 0.20964674628901273, 0.2612401128307433, 0.30026736855506897, -0.025922167237848716, 0.2096534138729629, 0.0, 0.0, -0.04511251841454805, 0.0, 0.0, 0.0, 0.0, 0.0, -0.03410858972010468, -0.014703599712917346, 0.0, 0.0, 0.0, 0.003991929044086667, 0.23737600937153702, -0.06158877327542868, 0.27368083024582673, 0.020814916211498606, 0.0, 0.30026736855506897, 0.21671023730883174, 0.2053566443745157, 0.30026736855506897, 0.30026736855506897, 0.01404246550417542, 0.0, 0.23668146660382808, 0.0, 0.0, 0.24607678475520212, 0.21557221000996069, 0.01974692140868977, 0.0010397357514446766, 0.0, -0.0562766181260283, 0.30026736855506897, 0.24555155003290088, -0.03563090193344479, 0.2097938937256906, -0.040469531181122106, 0.013601733762323142, 0.2264649290594737, 0.30026736855506897, 0.0, -0.025542504131079707, 0.0, 0.008713035959443637, 0.23232521625877592, 0.0, -0.04177906901020133, 0.0, 0.0, -0.002546687751641708, -0.0012593463303993762, 0.006613785924756492, 0.004716514714420349, -0.08159615552399431, 0.0, 0.0, 0.0, 0.0, -0.03753423863629652, 0.0023836551551311824, 0.0, -0.08104277844118227, -0.005904538316825683, -0.0197647404363333, 0.0, 0.0, -0.04633858985819001, 0.020814916211498606, 0.0, 0.0, 0.004529419337341262, -0.0015951834903242092, -0.01683944230518113, 0.01413283581154421, 0.0, -0.012667933289969882, -0.08301014189991306, 0.0007977887947470259, 0.0, 0.0, -0.04376469145704044, -0.026833374330741493, -0.0680986703209501, -0.051820921150385856, -0.022216345034859374, 0.027592596130339174, -0.02280082958039815, -0.002637903630541533, 0.0, 0.0, 0.0, -0.04442351624204923, 0.0, -0.0260810709049247, -0.03706967428084021, -0.005846631388822989, 0.0, 0.003991929044086667, -0.08683957476483611, -0.012667933289969882, 0.0, 0.0012184093789694612, 0.0, 0.0, 0.0, -0.03136860460016802, 0.0, 0.0, 0.0, 0.0, -0.010958388201853558, -0.018964455980431203, 0.0, 0.0, 0.0, 0.0, 0.0, 0.0, 0.07491145849414076, 0.0, 0.0, 0.0, -0.02547683922362968, 0.0, 0.05165742619860132, 0.0, -0.008422848711605212, -0.029895929824811558, 0.0, -0.006114021891790137, -0.01190470548871929, -0.08229906578092733, 0.04571356550543783, -0.0018386263114125163, 0.0046009338685145265, 0.05243565418014219, 0.0, -0.03774735669753751, 0.0, 0.0, 0.0, 0.0, 0.0, -0.035626745865018856, -0.04651094117836008, 0.0, -0.017895693879856074, 0.0, 0.0, 0.0, 0.196562690297972, -0.035196525329689324, 0.0, 0.015947710655403697, -0.0670317281369535, 0.0, 0.0, 0.0, -0.041780063576352146, -0.037737533050573896, 0.0, -0.026940323454393802, 0.0, 0.0, -0.06510381529795044, 0.004529419337341262, -0.014651436791768096, 0.0, -0.08081468323719139, 0.013601733762323142, 0.009382813853696565, 0.0, -0.04896022134189716, 0.0, -0.060347821729658184, 0.0, -0.05534385675312961, -0.060055927217184765, 0.008713035959443637, 0.0, 0.0, 0.0, -0.03374252472085104, -0.03902725570380185, 0.01797199238410756, 0.0, 0.0, 0.0, 0.0, 0.0, 0.0, -0.008209675603513777, -0.022758431620666673, -0.06679173408549409, 0.0, -0.07651162320922442, -0.09224645137513972, -0.04539186495931069, 0.0, 0.0, 0.0, -0.039011120671944385, 0.009720410223144103, 0.0, 0.0, 0.0, -0.07614006997777732, 0.0, 0.0, 0.0, 0.0, -0.05199152049513464, 0.0, 0.0, 0.0, 0.00823853935842176, -0.024403107161069224, 0.003233988722300697, -0.0008497266763491359, 0.0237540750526061, 0.0, 0.0, 0.0, -0.014468327907587434, 0.0, -0.016784270370586822, -0.018770157685755844, -0.054130408674848494, 0.0, 0.009740898206930592, -0.04997497116873008]
["tmem-231", "ABprapa-", 0.47210011533633, 0.24539053459560964, 0.23568822339566955, 0.2570677877744756, 0.30026736855506897, -0.016612298141342127, 0.2384087031193558, 0.2608264821393236, 0.21635554773895924, -0.0012859912894539842, 0.22566994941849414, -0.04277495425023494, 0.0, -0.006350590211823194, 0.0, 0.0, 0.0, 0.0, -0.00025081096875834933, -0.029404851389837554, -0.012686208091292027, -0.016816138723474993, 0.008141675923035318, 0.0, -0.028734820116519743, 0.18374657103791753, -0.04213289155253024, 0.21512551959377751, -0.03349169667930723, 0.0, 0.30026736855506897, 0.23187479829137547, 0.25193705966788577, 0.20500316980441127, 0.2254148762521963, -0.011120253856924901, 0.009241486949751616, 0.24051307474875866, 0.0, 0.0, 0.21179562653390427, 0.24386035892445174, -0.021071775288310696, -0.018973064969818147, -0.052349700889692784, -0.0461962166134706, 0.30026736855506897, 0.30026736855506897, -0.011017509246540458, 0.20561609547090035, -0.022843591724264953, 0.018477542230670017, 0.26875779137107186, 0.30026736855506897, 0.0, -0.025844092082215123, 0.02131690517216472, 0.0051940794638220674, 0.22468490959305976, 0.05997678927829128, 0.005659310826788112, 0.03468357433899487, 0.0, 0.00989570896667738, -0.0007186498228263542, -0.0157272931151165, -0.010338022434151752, -0.019356651211399463, 0.0, -0.0027279671103363286, 0.02907977984946047, 0.0030344224495456092, -0.0539679741991839, -0.015012515155773608, 0.0, -0.013608429561879128, 0.06352771455290694, -0.049517327845198855, -0.04764093908771714, 0.014498634543250398, -0.01882113424584941, 0.0005230522198974098, 0.02575353304326113, 0.0028087622397968783, -0.017236397365813554, -0.00612130072693646, -0.08847174198247067, 0.007464630130491997, 0.0, 0.0019228615405659343, -0.013975085953469085, -0.008371862381134347, -0.02793081995936082, 0.0, -0.032393644754826936, 0.0042726880115530885, -0.021671392267268563, 0.030099608891730238, -0.015124020799213204, -0.029070341396781024, -0.03215320968020058, -0.03950777121894574, 0.0, 0.0, 0.0, -0.010961318364522988, 0.0, 0.014111891647052194, 0.0, 0.03441571088309307, -0.020704219151753116, 0.005940982363168725, -0.006328405712852356, 0.0, -0.006588214083355949, -0.027019791153701362, -0.036618980741660194, 0.0, -0.021420596285934637, -0.00665510369860427, 0.0, 0.03972757931149248, 0.0, 0.0, 0.0347213541954911, -0.00868697558488961, -0.025816086575332783, 0.0, 0.0, 0.01797556636811112, -0.00666412934439208, 0.05986231439391654, 0.017130974243108624, 0.0, -0.004097758459904746, 0.0, -0.047252933375601845, 0.015713100306370402, -0.002249282117876103, 0.0, -0.047849164916767405, -0.013858172474384808, 0.0, -0.008684967279379034, -0.003919343186996323, -0.06501625605870526, -0.03633195925294686, -0.0028238478598956226, -0.03464852093127209, 0.002555205629873066, -0.03375261531300317, -0.04551949552284935, 0.0, 0.0036769577140229343, 0.0, 0.0, -0.0029098867323468255, 0.09756031916004806, -0.008533710850969413, 0.0, 0.03522889205923402, 0.0, 0.0, 0.003981549754159203, 0.235023540846317, 0.00434846840669517, 0.0, -0.02314828325661063, -0.0336374408424575, -0.015278141409877353, 0.0, 0.0, 0.00021396561301237035, 0.0042726880115530885, 0.0, 0.025956725947454552, 0.0, 0.0, -0.044147715379620714, -0.007476526466258314, -0.00907408910038874, 0.0, -0.023767919229116023, 0.0, -0.033382657755690694, 0.0, -0.026125491307469637, 0.005347397982513242, 0.011544967597191723, 0.0, -0.00025081096875834933, -0.020139143178485596, 0.029991876887589232, 0.0, 0.0, 0.0, -0.04743209989381798, 0.035160332626780914, -0.030612191177900653, 0.0, 0.0, 0.0, 0.0, -0.016496189862382136, -0.0003736741110626371, 0.007032422824057598, -0.00750719095688484, -0.07197342754690994, -0.04384798358868615, 0.017793885909639463, -0.04043663303648613, -0.006593015580199651, -0.03094339065361404, 0.017885542569775495, 0.0, -0.041815874575634564, -0.030752454691174092, 0.03839721520924241, 0.0, 0.0, -0.004631388349700249, 0.0, 0.004887384809180708, 0.0, 0.0, -0.05058464939430433, -0.004183993688419191, -0.013778849285984957, 0.0, -0.001667811382298118, 0.0005782903049124889, -0.029212564031604833, -0.015322067646180456, -0.02020450649991146, -0.012532279474748616, -0.025616011325513048, 0.0, 0.016744429862091067, 0.0, -0.01610677984122607, -0.0005579554409552902, -0.00176258078955181, -0.009998569819365359, -0.016434426286314224, -0.03694103562386863]
["tmem-231", "ABprpa", 0.47210011533633, 0.25072397283751713, 0.22597411987471877, 0.24046776511674728, 0.3008119331995696, -0.014889700816349905, 0.25480481754249834, 0.2202634145587174, 0.2867782107513097, 0.0028655515625465974, 0.22587637046667264, -0.031977229465387766, 0.0, 0.0017423415970261738, 0.0, 0.0, 0.0, 0.0, 0.0, -0.040580295976104686, -0.039717231316009544, 0.0, 0.0, 0.0, 0.0, 0.27010456451615833, -0.008297282137396339, 0.21935690658527668, 0.0044721779876245255, 0.0, 0.3008119331995696, 0.29275487953556895, 0.2638754617267676, 0.22446590524320853, 0.3008119331995696, -0.025957580218937182, -0.01312357255676916, 0.23897094581814038, 0.0, 0.0, 0.2662572463784229, 0.22749979528550668, 0.0030594309095935152, -0.010710600856165913, 0.0, -0.014416273384840805, 0.3008119331995696, 0.2756862426990451, -0.0017151928089436065, 0.24533211673634964, -0.013749229959038555, -0.008731908912509394, 0.24995028690529159, 0.29492936157921357, 0.0, 0.015288890610416914, 0.0, -0.013300569276434766, 0.22863977775841107, -0.013535305499458994, 0.0, 0.0, 0.0, 0.0, 0.0, 0.015919365039667725, 0.003451235225978112, -0.01851432691565294, 0.0, 0.0, 0.0, 0.0, -0.016878457898722086, 0.0, 0.0, -0.02841582034791243, -0.007731888258826793, 0.0, 0.0, 0.0, -0.03233177985114229, -0.019746449243439067, 0.0, 0.0, 0.0, -0.01809477911353044, -0.03172032222246488, 0.03743995840258467, 0.0, 0.0, 0.02145178767478413, 0.0, 0.0, 0.0, 0.0, 0.0, -0.023537835694915105, -0.011845480576416705, 7.336716099433642e-05, -0.013328869678202125, 0.0, 0.02883052725998135, 0.0, 0.0, 0.0, -0.04018989447125124, 0.0, -0.034624809240637086, 0.0, -0.02736500824721448, 0.0, -0.035197930997958905, -0.026492377957917222, -0.04146554253102125, 0.0, 0.0, 0.0, 0.0, 0.0, -0.023800247812300175, 0.0, -0.017363244500085858, 0.0, 0.0, -0.055929285952248366, 0.0, 0.0, 0.0, 0.0, -0.05708957729602391, 0.006841735206953187, 0.0, -0.021709397649451845, 0.0, -0.013336321393789576, 0.0, -0.005596495292503139, 0.0, 0.004900819353026754, 0.0, 0.004351397898808184, 0.0, 0.0, 0.007547038537590138, 0.0, -0.010210713871418127, -0.03659679274003451, -0.0289330051734337, -0.0059344524109753985, 0.0, 0.005108854980385748, -0.014170965661644778, 0.003411962466643283, 0.0, 0.0, 0.0, -0.022987185615923847, -0.038692508270811776, 0.0, 0.0, 0.015742511461643, 0.0, 0.0, 0.0, 0.2503914535105465, -0.03299466846164058, 0.0, -0.022852674879972366, -0.025959986824441835, 0.004284347583772236, 0.0, 0.0, -0.04345994598505734, -0.02470726420365775, 0.0, 0.013689714744587581, 0.0, 0.0, -0.05497337181691575, -0.05198985431775362, -0.024884638796738242, 0.0, 0.004691480861407353, 0.0, -0.0035670040276385303, 0.007824881931966387, 0.00498979102263947, 0.0, -0.010813795203413502, 0.0, 0.004599555485790304, -0.021834288449973562, 0.05254285114814719, 0.0, 0.0, 0.0, -0.03506872624785091, 0.0, 0.0, 0.0, 0.0, 0.0, 0.0, 0.004077743635240022, 0.0, -0.021269122589383717, 0.0028655515625465974, 0.0036286298346676965, 0.0, -0.0339592830516315, -0.05660694724614656, -0.024247869076975053, 0.0, 0.0, 0.0, -0.028814586139856088, -0.0027300829761750284, 0.0, 0.0, 0.0, -0.015527410528898139, -0.026810560725343657, -0.005447844722353907, -0.02390280691213776, 0.0, -0.04307756966441616, 0.0, 0.0035691528479746782, 0.0, 0.015623428401601774, -0.017394344330980756, -0.05130387088569531, 0.007074242129451543, -0.005709597752366516, 0.0, 0.0, 0.0, -0.0014270384409646951, 0.0, 0.00046489986157037706, -0.06572302141502909, -0.034122903077528126, 0.0, -0.02554143434884807, -0.009038508735974626]
["tmem-231", "ABprap", 0.47210011533633, 0.27090674155814726, 0.25175929015646303, 0.2849734660695554, 0.34016757185382296, -0.012025399629677726, 0.25379703264886316, 0.29571998917423303, 0.29263646570298235, -0.015411819914672182, 0.24658505547021542, 0.0, 0.0, -0.029150821126058567, 0.0, 0.0, 0.0, 0.0, 0.0, -0.0359766250099325, -0.01551471353536712, 0.0, 0.0, 0.0, 0.003991929044086667, 0.23854114804424384, -0.05875221647118809, 0.2768800185178522, 0.020814916211498606, 0.0, 0.34016757185382296, 0.25409701204694424, 0.25902995999316425, 0.2862060119787811, 0.29776804193419837, 0.01404246550417542, 0.0, 0.27030261265975286, 0.0, 0.0, 0.2593577635768056, 0.2602415010279759, 0.01974692140868977, 0.0010397357514446766, 0.0, -0.0580448277514386, 0.34016757185382296, 0.3091742820763711, -0.026423578489888543, 0.2353053014532132, -0.03586315654086515, 0.018171021170027335, 0.28051451469127586, 0.34016757185382296, 0.0, -0.029107481348749218, 0.0, 0.007877562100384424, 0.25886932964398635, 0.0, -0.04177906901020133, 0.0, 0.0, -0.002546687751641708, -0.0011204183655001434, 0.006613785924756492, 0.004716514714420349, -0.0571838213793602, 0.0, 0.0, 0.0, 0.0, -0.05183061634249572, 0.0023836551551311824, 0.0, -0.05361433670660013, -0.005904538316825683, -0.03924421267244242, 0.0, 0.0, -0.036909147400529155, 0.01208670283509396, 0.0, 0.0, 0.004529419337341262, -0.004370933998031997, -0.059652585661520145, 0.012233692896853528, 0.0, -0.012667933289969882, -0.05493642153546927, 0.0007977887947470259, 0.0, 0.0, -0.04313921361199583, -0.026833374330741493, -0.05084945520844966, -0.051820921150385856, -0.02115111881626321, 0.027592596130339174, -0.031128227800433013, -0.023873043459035567, 0.0, 0.0, 0.0, -0.0313722480006814, 0.0, -0.0260810709049247, -0.03706967428084021, -0.005846631388822989, 0.0, 0.005626409508140617, -0.05277417563908085, -0.012667933289969882, 0.0, 0.0012184093789694612, 0.0, 0.0, 0.0, -0.021538192090458968, 0.0, 0.0, 0.0, 0.0, -0.010958388201853558, -0.015662907992834818, 0.0, 0.0, 0.0, 0.0, 0.0, 0.0, 0.05213661911118844, 0.0, 0.0, 0.0, -0.0411971341834701, 0.0, 0.05165742619860132, 0.0, -0.03187478268351714, -0.024784122912496445, 0.0, -0.00838275606915371, -0.008963391927697387, -0.08344545657458238, 0.04571356550543783, -0.0026410171130436685, 0.0046009338685145265, 0.03114908447385313, 0.0, -0.047165769414143584, 0.0, 0.0, 0.0, 0.0, 0.0, -0.035626745865018856, -0.031179554599056553, 0.0, -0.017895693879856074, 0.0, 0.0, 0.0, 0.24446819013397114, -0.035196525329689324, 0.0, 0.015947710655403697, -0.0570231572898805, 0.0, 0.0, 0.0, -0.041780063576352146, -0.037737533050573896, 0.0, -0.026940323454393802, 0.0, 0.0, -0.06188455990196448, 0.004529419337341262, -0.013439113568229511, 0.0, -0.05923988695527011, 0.013601733762323142, 0.009382813853696565, 0.0, -0.04253163551497378, 0.0, -0.060347821729658184, 0.0, -0.031491106106500494, -0.04542578586280595, 0.021924054360862623, 0.0, 0.0, 0.0, -0.045980645656228405, -0.03902725570380185, 0.01797199238410756, 0.0, 0.0, 0.0, 0.0, 0.0, 0.0, -0.008209675603513777, -0.01714369328973849, -0.07860229421123571, 0.0, -0.07651162320922442, -0.07515715555035568, -0.029446374195325063, 0.0, 0.0, 0.0, -0.04578373408658772, 0.009720410223144103, 0.0, 0.0, 0.0, -0.045752275691108325, 0.0, 0.0, 0.0, 0.0, -0.05810336102998201, 0.0, 0.0, 0.0, 0.00823853935842176, -0.024403107161069224, 0.003233988722300697, -0.009160369362955646, 0.0237540750526061, 0.0, 0.0, 0.0, -0.014468327907587434, 0.0, -0.018630843471461996, -0.010948238136012292, -0.031660087809823705, 0.0, 0.009740898206930592, -0.04923280063388953]
["tmem-231", "ABprp", 0.47210011533633, 0.1904368088196609, 0.20057346385563385, 0.19351381497868556, 0.2541441619181143, -0.014889700816349905, 0.20962641591001463, 0.18907653507958005, 0.2258707261891839, 0.008867248162743277, 0.18698061322865347, -0.031977229465387766, 0.0, 0.0016695570080464289, 0.0, 0.0, 0.0, 0.0, 0.0, -0.026286009409410768, -0.039717231316009544, 0.0, 0.0, 0.0, 0.0, 0.21707502491593011, -0.008297282137396339, 0.20968333307345655, 0.0044721779876245255, 0.0, 0.2541441619181143, 0.21455824130837203, 0.2081776510557996, 0.18193342054168044, 0.23173891629711518, -0.025957580218937182, -0.007402118099097338, 0.2037622934303924, 0.0, 0.0, 0.23953399002088263, 0.19901950753715153, 0.006215193538841857, -0.006462858638233733, 0.0, -0.014416273384840805, 0.2541441619181143, 0.2118218889367806, -0.01095621471972646, 0.20427705343988645, -0.013749229959038555, -0.008731908912509394, 0.21193958495149345, 0.25165693397661887, 0.0, 0.015288890610416914, 0.0, -0.005721508961979135, 0.19916884851090272, -0.013535305499458994, 0.0, 0.0, 0.0, 0.0, 0.0, 0.015919365039667725, 0.011155436606291381, -0.013938173561776394, 0.0, 0.0, 0.0, 0.0, -0.012606658339199637, 0.0, 0.0, -0.02841582034791243, -0.007731888258826793, 0.0, 0.0, 0.0, -0.020990461684710013, -0.019746449243439067, 0.0, 0.0, 0.0, -0.01809477911353044, -0.015352345488613476, 0.0175544848085565, 0.0, 0.0, 0.01101910014781826, 0.0, 0.0, 0.0, 0.0, 0.0, -0.023537835694915105, -0.011845480576416705, 7.336716099433642e-05, -0.013328869678202125, 0.0, 0.02883052725998135, 0.0, 0.0, 0.0, -0.021919332783916088, 0.0, -0.014641041002735881, 0.0, -0.02736500824721448, 0.0, -0.035197930997958905, -0.020206580496742232, -0.025741882457245513, 0.0, 0.0, 0.0, 0.0, 0.0, -0.023800247812300175, 0.0, -0.017256101125075366, 0.0, 0.0, -0.03732155147158936, 0.0, 0.0, 0.0, 0.0, -0.05708957729602391, 0.006841735206953187, 0.0, -0.011501681332079561, 0.0, -0.006595557493700183, 0.0, -0.002951252557765896, 0.0, 0.004900819353026754, 0.0, 0.010141325642000336, 0.0, 0.0, 0.007547038537590138, 0.0, -0.010210713871418127, -0.024832623355356284, -0.0289330051734337, -0.005316520894385144, 0.0, 0.004871383298011482, -0.006068409742902781, 0.00444520417270338, 0.0, 0.0, 0.0, -0.022987185615923847, -0.016404020843313223, 0.0, 0.0, 0.01360284699038234, 0.0, 0.0, 0.0, 0.20714658193024363, -0.022371265616616724, 0.0, -0.012921779212773925, -0.011966170853758666, 0.004284347583772236, 0.0, 0.0, -0.04345994598505734, -0.01110367837115466, 0.0, 0.01572242551635023, 0.0, 0.0, -0.05497337181691575, -0.05198985431775362, -0.024884638796738242, 0.0, 0.0074872708140030966, 0.0, -0.0062519428862217365, 0.015690155384663992, 0.007676874030981581, 0.0, -0.005494817763150373, 0.0, 0.004690431096227236, -0.019487680803386392, 0.05254285114814719, 0.0, 0.0, 0.0, -0.01679896154099434, 0.0, 0.0, 0.0, 0.0, 0.0, 0.0, 0.004250217512555116, 0.0, -0.021269122589383717, 0.0028655515625465974, 0.0036286298346676965, 0.0, -0.016679113239064455, -0.02765946855214979, -0.024247869076975053, 0.0, 0.0, 0.0, -0.028814586139856088, -0.008589001875525599, 0.0, 0.0, 0.0, -0.012184754279030556, -0.019360820500014107, -0.005447844722353907, -0.013028316925950065, 0.0, -0.019606954747865862, 0.0, 0.0035691528479746782, 0.0, 0.015623428401601774, -0.017394344330980756, -0.05130387088569531, 0.003412172258897967, -0.008187326151100911, 0.0, 0.0, 0.0, -0.0018117793990477106, 0.0, 0.004713462631710696, -0.04504382572818451, -0.034122903077528126, 0.0, -0.01625308704015707, -0.009038508735974626]
["tmem-231", "ABpra", 0.47210011533633, 0.29332165843287844, 0.2951263895360256, 0.31466803235638097, 0.363066559090071, -0.01396580807502136, 0.31410256212907156, 0.29045182134553743, 0.30471206174004767, -0.019137420209599666, 0.24908000391124288, 0.0, 0.0, -0.029150821126058567, 0.0, 0.0, 0.0, 0.0, 0.0, -0.02212361842154102, -0.01551471353536712, 0.0, 0.0, 0.0, 0.005567416450297012, 0.26515413382663544, -0.05875221647118809, 0.30106442665721256, 0.017311197538291, 0.0, 0.363066559090071, 0.2744704047081994, 0.289180028255962, 0.27801531112452477, 0.30483556604081397, 0.01404246550417542, 0.0, 0.29159908953776126, 0.0, 0.0, 0.31725497514817513, 0.30218088409253924, 0.020324615928368824, 0.0010397357514446766, 0.0, -0.0430521841697611, 0.3192336903972716, 0.3454962699562574, -0.026423578489888543, 0.284831030933656, -0.026445472820681853, 0.018171021170027335, 0.29494363535124946, 0.3309995635203551, 0.0, -0.0341443370407414, 0.0, 0.007877562100384424, 0.2719328729394649, 0.0, -0.04177906901020133, 0.0, 0.0, -0.0034342739522596807, -0.0011204183655001434, 0.012783867356866385, 0.004716514714420349, -0.0571838213793602, 0.0, 0.0, 0.0, 0.0, -0.05183061634249572, 0.0023836551551311824, 0.0, -0.05361433670660013, -0.012342071262792026, -0.030986165948481043, 0.0, 0.0, -0.02456380704925046, 0.01208670283509396, 0.0, 0.0, 0.004529419337341262, -0.004370933998031997, -0.059652585661520145, 0.012233692896853528, 0.0, -0.00905192765376005, -0.05493642153546927, 0.0007977887947470259, 0.0, 0.0, -0.0272335576536213, -0.026833374330741493, -0.041292471186447965, -0.051820921150385856, -0.03226006830349224, 0.027592596130339174, -0.01866703559931964, -0.021306497567244145, 0.0, 0.0, 0.0, -0.041772147563081716, 0.0, -0.0260810709049247, -0.03706967428084021, -0.005846631388822989, 0.0, 0.005626409508140617, -0.03510970471342753, -0.020505917943935276, 0.0, 0.013344441618817919, 0.0, 0.0, 0.0, -0.021538192090458968, 0.0, 0.0, 0.0, 0.0, -0.00880795720965246, -0.010400961104876007, 0.0, 0.0, 0.0, 0.0, 0.0, 0.0, 0.05213661911118844, 0.0, 0.0, 0.0, -0.0411971341834701, 0.0, 0.05165742619860132, 0.0, -0.024083678476403955, -0.022438614915009897, 0.0, -0.00838275606915371, -0.010297091959593095, -0.05295313778274277, 0.04571356550543783, -0.0026410171130436685, 0.0046009338685145265, 0.03114908447385313, 0.0, -0.047165769414143584, 0.0, 0.0, 0.0, 0.0, 0.0, -0.035626745865018856, -0.030516998206936256, 0.0, -0.017819831533969172, 0.0, 0.0, 0.0, 0.26866481910740514, -0.04966187468399301, 0.0, 0.015947710655403697, -0.0570231572898805, 0.0, 0.0, 0.0, -0.05374704697115619, -0.025446318936208863, 0.0, -0.0242784610458497, 0.0, 0.0, -0.05266391926093833, 0.004529419337341262, -0.013439113568229511, 0.0, -0.0451646239199263, 0.013601733762323142, 0.009382813853696565, 0.0, -0.027422523257907987, 0.0, -0.043217672194965494, 0.0, -0.031491106106500494, -0.04266970254976792, 0.026480489068588037, 0.0, 0.0, 0.0, -0.027001137604874742, -0.03902725570380185, 0.01797199238410756, 0.0, 0.0, 0.0, 0.0, 0.0, 0.0, -0.008209675603513777, -0.013369819436351611, -0.045062703201350356, 0.0, -0.04709028557152567, -0.06692400524810713, -0.02895089165758242, 0.0, 0.0, 0.0, -0.03584697089427545, 0.013539775510031335, 0.0, 0.0, 0.0, -0.045752275691108325, 0.0, 0.0, 0.0, 0.0, -0.033364099577430334, 0.0, 0.0, 0.0, 0.00823853935842176, -0.03044641480427784, 0.003233988722300697, -0.009835260399539431, 0.01836846860305336, 0.0, 0.0, 0.0, -0.014468327907587434, 0.0, -0.010865899494596938, -0.010948238136012292, -0.031660087809823705, 0.0, 0.015592795597563505, -0.029972684493467943]
["tmem-231", "ABpr", 0.47210011533633, 0.24187923362626967, 0.24784992669582973, 0.2540909236675333, 0.30860536050409265, -0.014427754445685632, 0.26186448901954307, 0.23976417821255874, 0.26529139396461576, -0.019137420209599666, 0.21803030856994818, 0.0, 0.0, -0.029150821126058567, 0.0, 0.0, 0.0, 0.0, 0.0, -0.024204813915475895, -0.02761597242568833, 0.0, 0.0, 0.0, 0.005567416450297012, 0.24111457937128278, -0.033524749304292216, 0.25537387986533455, 0.010891687762957762, 0.0, 0.30860536050409265, 0.2445143230082857, 0.2486788396558808, 0.2299743658331026, 0.2682872411689646, 0.01404246550417542, 0.0, 0.24768069148407684, 0.0, 0.0, 0.27839448258452887, 0.2506001958148454, 0.01326990473360534, 0.0010397357514446766, 0.0, -0.028734228777300953, 0.2866889261576929, 0.278659079446519, -0.0186898966048075, 0.24455404218677124, -0.020097351389860206, 0.018171021170027335, 0.25344161015137145, 0.29132824874848695, 0.0, -0.0341443370407414, 0.0, 0.007877562100384424, 0.2355508607251838, 0.0, -0.04177906901020133, 0.0, 0.0, -0.0034342739522596807, -0.0011204183655001434, 0.014351616198267055, 0.007935975660355865, -0.0355609974705683, 0.0, 0.0, 0.0, 0.0, -0.03221863734084768, 0.0023836551551311824, 0.0, -0.04101507852725628, -0.01003697976080941, -0.030986165948481043, 0.0, 0.0, -0.022777134366980235, 0.01208670283509396, 0.0, 0.0, 0.004529419337341262, -0.011232856555781219, -0.03750246557506681, 0.014894088852705014, 0.0, -0.00905192765376005, -0.05493642153546927, 0.0007977887947470259, 0.0, 0.0, -0.0272335576536213, -0.026833374330741493, -0.032415153440681535, -0.03183320086340128, -0.03226006830349224, 0.027592596130339174, -0.01866703559931964, -0.021306497567244145, 0.0, 0.0, 0.0, -0.0318457401734989, 0.0, -0.02036105595383029, -0.03706967428084021, -0.016605819818018737, 0.0, 0.005626409508140617, -0.02765814260508488, -0.023123900200590394, 0.0, 0.013344441618817919, 0.0, 0.0, 0.0, -0.02266921995137957, 0.0, 0.0, 0.0, 0.0, -0.02306475434062091, -0.010400961104876007, 0.0, 0.0, 0.0, 0.0, 0.0, 0.0, 0.05213661911118844, 0.0, 0.0, 0.0, -0.022074193370617997, 0.0, 0.02827912277581404, 0.0, -0.024083678476403955, -0.022438614915009897, 0.0, -0.00838275606915371, -0.010297091959593095, -0.03158192582708045, 0.04571356550543783, -0.015787011143238685, 0.0046009338685145265, 0.03114908447385313, 0.0, -0.026617089578523184, 0.0, 0.0, 0.0, 0.0, 0.0, -0.02601538335416604, -0.030516998206936256, 0.0, -0.017819831533969172, 0.0, 0.0, 0.0, 0.23790570051882437, -0.036016570150304864, 0.0, 0.015947710655403697, -0.034494664071819586, 0.0, 0.0, 0.0, -0.048603496478106765, -0.018274998653681762, 0.0, -0.0242784610458497, 0.0, 0.0, -0.05381864553892704, 0.004529419337341262, -0.019161876182483877, 0.0, -0.0451646239199263, 0.013601733762323142, 0.009382813853696565, 0.0, -0.027422523257907987, 0.0, -0.024356244979057935, 0.0, -0.031491106106500494, -0.031078691676577157, 0.03951167010836761, 0.0, 0.0, 0.0, -0.02190004957293454, -0.03902725570380185, 0.01797199238410756, 0.0, 0.0, 0.0, 0.0, 0.0, 0.0, -0.014739399096448747, -0.013369819436351611, -0.045062703201350356, 0.0, -0.031884699405295064, -0.04729173690012846, -0.026599380367278734, 0.0, 0.0, 0.0, -0.03233077851706577, 0.013539775510031335, 0.0, 0.0, 0.0, -0.02896851498506944, 0.0, 0.0, 0.0, 0.0, -0.026485527162648098, 0.0, 0.0, 0.0, 0.011930983880011767, -0.023920379567629296, 0.003233988722300697, -0.009835260399539431, 0.01836846860305336, 0.0, 0.0, 0.0, -0.008140053653317571, 0.0, -0.010865899494596938, -0.0279960319320984, -0.032891495443675915, 0.0, 0.015592795597563505, -0.019505596614721284]
